0,2,3.55067e-05
1,2,2.51457e-06
2,2,2.48477e-06
3,2,2.38325e-06
4,2,2.37394e-06
5,2,2.39536e-06
6,2,2.48477e-06
7,2,2.63378e-06
8,2,2.43448e-06
9,2,2.42516e-06
10,2,2.45403e-06
11,2,1.07698e-05
12,2,2.41399e-06
13,2,2.37394e-06
14,2,2.3637e-06
15,2,1.9527e-05
16,2,8.32602e-06
17,2,2.1942e-06
18,2,2.17464e-06
19,2,2.38419e-06
20,2,2.20351e-06
21,2,2.18395e-06
22,2,2.16439e-06
23,2,2.18395e-06
24,2,2.1141e-06
25,2,2.1141e-06
26,2,3.88827e-06
27,2,2.36556e-06
28,2,2.17371e-06
29,2,2.16439e-06
30,2,2.1942e-06
31,2,2.18395e-06
32,2,2.17371e-06
33,2,2.1942e-06
34,2,2.15415e-06
35,2,2.32458e-06
36,2,4.2282e-06
37,2,2.16346e-06
38,2,2.09454e-06
39,2,2.13366e-06
40,2,2.15415e-06
41,2,2.17371e-06
42,2,2.66545e-06
43,2,2.40374e-06
44,2,2.18488e-06
45,2,2.20351e-06
46,2,2.12342e-06
47,2,2.13366e-06
48,2,2.1141e-06
49,2,2.13459e-06
50,2,2.13366e-06
51,2,2.38512e-06
52,2,2.1439e-06
53,2,2.13459e-06
54,2,2.18395e-06
55,2,2.20351e-06
56,2,2.17464e-06
57,2,2.19326e-06
58,2,2.1141e-06
59,2,2.2836e-06
60,2,2.17464e-06
61,2,2.10479e-06
62,2,2.12435e-06
63,2,2.0843e-06
64,2,2.1439e-06
65,2,2.1141e-06
66,2,2.18488e-06
67,2,2.3935e-06
68,2,4.18816e-06
69,2,2.17371e-06
70,2,2.18395e-06
71,2,2.09361e-06
72,2,2.0843e-06
73,2,2.12342e-06
74,2,2.10386e-06
75,2,2.33389e-06
76,2,2.1439e-06
77,2,2.19513e-06
78,2,2.0843e-06
79,2,2.15415e-06
80,2,2.13366e-06
81,2,2.18488e-06
82,2,2.1942e-06
83,2,2.35438e-06
84,2,2.16346e-06
85,2,2.17464e-06
86,2,2.17464e-06
87,2,2.19326e-06
88,2,2.18395e-06
89,2,2.17464e-06
90,2,2.15415e-06
91,2,2.3637e-06
92,2,2.12435e-06
93,2,2.1439e-06
94,2,2.20444e-06
95,2,2.18395e-06
96,2,2.13459e-06
97,2,2.20444e-06
98,2,2.1942e-06
99,2,2.41399e-06
0,4,8.81962e-05
1,4,1.77324e-06
2,4,1.112e-06
3,4,1.16229e-06
4,4,1.112e-06
5,4,1.02259e-06
6,4,1.13249e-06
7,4,1.02166e-06
8,4,1.0021e-06
9,4,9.71369e-07
10,4,9.72301e-07
11,4,1.04122e-06
12,4,1.10175e-06
13,4,1.02073e-06
14,4,4.78886e-06
15,4,2.00775e-05
16,4,5.54975e-06
17,4,6.33206e-06
18,4,8.92207e-07
19,4,6.16256e-06
20,4,8.92207e-07
21,4,8.11182e-07
22,4,4.32786e-06
23,4,3.98792e-06
24,4,8.90624e-06
25,4,8.12113e-07
26,4,3.21586e-06
27,4,9.51812e-07
28,4,8.21427e-07
29,4,7.39377e-06
30,4,8.12113e-07
31,4,8.81962e-07
32,4,8.81962e-07
33,4,8.40984e-07
34,4,7.80448e-07
35,4,8.01869e-07
36,4,8.31671e-07
37,4,9.0152e-07
38,4,8.60542e-07
39,4,8.31671e-07
40,4,8.41916e-07
41,4,8.20495e-07
42,4,9.02452e-07
43,4,8.12113e-07
44,4,8.41916e-07
45,4,8.62405e-07
46,4,8.60542e-07
47,4,8.51229e-07
48,4,8.71718e-07
49,4,8.3074e-07
50,4,8.21427e-07
51,4,8.5216e-07
52,4,8.40984e-07
53,4,8.40984e-07
54,4,8.41916e-07
55,4,9.41567e-07
56,4,8.12113e-07
57,4,8.70787e-07
58,4,8.32602e-07
59,4,8.81962e-07
60,4,7.80448e-07
61,4,9.42498e-07
62,4,5.11296e-07
63,4,8.00937e-07
64,4,9.12696e-07
65,4,4.89969e-06
66,4,8.31671e-07
67,4,7.91624e-07
68,4,8.20495e-07
69,4,7.90693e-07
70,4,8.51229e-07
71,4,5.50412e-07
72,4,8.32602e-07
73,4,2.40467e-06
74,4,8.51229e-07
75,4,8.5216e-07
76,4,8.50298e-07
77,4,8.01869e-07
78,4,8.12113e-07
79,4,8.5216e-07
80,4,8.5216e-07
81,4,8.81962e-07
82,4,9.11765e-07
83,4,8.12113e-07
84,4,8.61473e-07
85,4,8.12113e-07
86,4,8.41916e-07
87,4,8.40984e-07
88,4,8.71718e-07
89,4,8.01869e-07
90,4,8.11182e-07
91,4,8.41916e-07
92,4,8.01869e-07
93,4,8.11182e-07
94,4,1.01142e-06
95,4,8.62405e-07
96,4,8.40984e-07
97,4,8.21427e-07
98,4,8.5216e-07
99,4,8.92207e-07
0,8,4.19188e-05
1,8,2.55555e-06
2,8,2.58349e-06
3,8,2.52482e-06
4,8,2.53506e-06
5,8,2.4857e-06
6,8,2.685e-06
7,8,2.51457e-06
8,8,2.48477e-06
9,8,2.43448e-06
10,8,2.49408e-06
11,8,2.53506e-06
12,8,2.46521e-06
13,8,1.24238e-06
14,8,2.69432e-06
15,8,1.99573e-05
16,8,8.51601e-06
17,8,2.18395e-06
18,8,2.18395e-06
19,8,2.18395e-06
20,8,2.1942e-06
21,8,2.16439e-06
22,8,2.20537e-06
23,8,2.39536e-06
24,8,2.16439e-06
25,8,4.68828e-06
26,8,3.95719e-06
27,8,2.17464e-06
28,8,2.17464e-06
29,8,2.18395e-06
30,8,2.07406e-06
31,8,2.35531e-06
32,8,2.17464e-06
33,8,2.18395e-06
34,8,2.1439e-06
35,8,2.17371e-06
36,8,2.1942e-06
37,8,2.18395e-06
38,8,2.17371e-06
39,8,2.3637e-06
40,8,2.15415e-06
41,8,2.12342e-06
42,8,2.13459e-06
43,8,2.16439e-06
44,8,2.17371e-06
45,8,2.15415e-06
46,8,2.17371e-06
47,8,2.39443e-06
48,8,2.17557e-06
49,8,2.20444e-06
50,8,2.15415e-06
51,8,2.15415e-06
52,8,4.60912e-06
53,8,2.15415e-06
54,8,2.1141e-06
55,8,2.35438e-06
56,8,2.18395e-06
57,8,2.17371e-06
58,8,2.10386e-06
59,8,2.1942e-06
60,8,2.17371e-06
61,8,2.18395e-06
62,8,2.17371e-06
63,8,2.35438e-06
64,8,2.19326e-06
65,8,2.16346e-06
66,8,2.12435e-06
67,8,2.1942e-06
68,8,6.00703e-07
69,8,2.13459e-06
70,8,6.20261e-07
71,8,6.81728e-07
72,8,4.90807e-07
73,8,4.91738e-07
74,8,4.61005e-07
75,8,4.00469e-07
76,8,4.90807e-07
77,8,4.40516e-07
78,8,2.11317e-06
79,8,2.18395e-06
80,8,2.1942e-06
81,8,2.20351e-06
82,8,2.18395e-06
83,8,2.16346e-06
84,8,2.35345e-06
85,8,2.18395e-06
86,8,2.15415e-06
87,8,2.224e-06
88,8,2.15415e-06
89,8,2.20444e-06
90,8,2.18395e-06
91,8,2.20351e-06
92,8,2.3758e-06
93,8,2.15415e-06
94,8,2.19326e-06
95,8,2.17371e-06
96,8,2.17371e-06
97,8,2.16346e-06
98,8,2.17371e-06
99,8,2.20537e-06
0,16,7.99606e-05
1,16,1.91387e-06
2,16,1.20234e-06
3,16,1.12224e-06
4,16,9.60194e-07
5,16,3.88641e-06
6,16,6.6217e-07
7,16,9.71369e-07
8,16,9.51812e-07
9,16,9.51812e-07
10,16,9.91859e-07
11,16,9.22009e-07
12,16,6.89365e-06
13,16,1.23214e-06
14,16,9.82545e-07
15,16,2.0599e-05
16,16,8.54675e-06
17,16,4.14811e-06
18,16,8.3074e-07
19,16,8.92207e-07
20,16,8.72649e-07
21,16,3.04636e-06
22,16,7.22241e-06
23,16,6.43171e-06
24,16,8.12113e-07
25,16,8.21427e-07
26,16,7.51391e-06
27,16,8.11182e-07
28,16,7.60891e-07
29,16,8.12113e-07
30,16,8.32602e-07
31,16,7.90693e-07
32,16,8.21427e-07
33,16,8.00937e-07
34,16,7.82311e-07
35,16,9.33837e-06
36,16,5.35045e-06
37,16,6.39167e-06
38,16,7.62567e-06
39,16,4.51878e-06
40,16,5.43986e-06
41,16,2.685e-06
42,16,1.17617e-05
43,16,8.70787e-07
44,16,8.31671e-07
45,16,5.24987e-06
46,16,9.18657e-06
47,16,9.52743e-06
48,16,4.67896e-06
49,16,5.13997e-06
50,16,4.39864e-06
51,16,6.23148e-06
52,16,4.19654e-06
53,16,8.3074e-07
54,16,8.028e-07
55,16,7.82311e-07
56,16,8.71718e-07
57,16,7.80448e-07
58,16,7.72066e-07
59,16,8.12113e-07
60,16,8.50298e-07
61,16,4.71249e-07
62,16,7.61822e-07
63,16,8.3074e-07
64,16,8.00937e-07
65,16,7.92556e-07
66,16,7.90693e-07
67,16,7.71135e-07
68,16,7.90693e-07
69,16,8.12113e-07
70,16,1.52988e-05
71,16,2.23415e-05
72,16,2.34842e-05
73,16,8.12113e-07
74,16,2.85544e-06
75,16,7.90693e-07
76,16,8.21427e-07
77,16,7.47386e-06
78,16,3.89852e-06
79,16,1.07195e-06
80,16,9.03755e-06
81,16,8.10251e-07
82,16,2.26926e-05
83,16,5.01052e-07
84,16,8.3074e-07
85,16,8.3074e-07
86,16,8.028e-07
87,16,2.3935e-06
88,16,8.21427e-07
89,16,7.8138e-07
90,16,7.52509e-07
91,16,7.91624e-07
92,16,8.00937e-07
93,16,7.90693e-07
94,16,8.22358e-07
95,16,7.21309e-06
96,16,1.16723e-05
97,16,9.76771e-06
98,16,2.85637e-06
99,16,4.14811e-06
0,32,3.98243e-05
1,32,2.4857e-06
2,32,2.45403e-06
3,32,2.48384e-06
4,32,2.46521e-06
5,32,2.46521e-06
6,32,2.64496e-06
7,32,2.46521e-06
8,32,2.42516e-06
9,32,2.48477e-06
10,32,2.47546e-06
11,32,2.50526e-06
12,32,2.46521e-06
13,32,2.47452e-06
14,32,2.685e-06
15,32,2.00877e-05
16,32,8.69576e-06
17,32,2.20444e-06
18,32,2.17371e-06
19,32,2.17464e-06
20,32,2.20444e-06
21,32,4.03728e-06
22,32,2.19326e-06
23,32,2.58442e-06
24,32,2.36463e-06
25,32,2.18395e-06
26,32,2.18395e-06
27,32,2.19326e-06
28,32,2.17464e-06
29,32,2.1439e-06
30,32,2.18395e-06
31,32,2.18395e-06
32,32,2.38419e-06
33,32,2.18395e-06
34,32,2.19513e-06
35,32,2.13366e-06
36,32,2.09454e-06
37,32,2.15415e-06
38,32,2.12435e-06
39,32,2.13366e-06
40,32,2.34507e-06
41,32,2.16346e-06
42,32,2.19326e-06
43,32,2.15415e-06
44,32,2.18395e-06
45,32,2.20351e-06
46,32,2.19326e-06
47,32,2.13366e-06
48,32,2.41399e-06
49,32,2.13366e-06
50,32,2.17371e-06
51,32,2.15415e-06
52,32,2.17464e-06
53,32,2.16346e-06
54,32,2.21375e-06
55,32,4.57931e-06
56,32,2.38512e-06
57,32,2.17464e-06
58,32,2.18395e-06
59,32,2.18395e-06
60,32,2.15415e-06
61,32,2.17371e-06
62,32,2.12435e-06
63,32,2.18395e-06
64,32,2.35438e-06
65,32,2.15322e-06
66,32,2.16439e-06
67,32,2.18395e-06
68,32,2.20351e-06
69,32,2.15415e-06
70,32,2.20351e-06
71,32,2.16439e-06
72,32,2.39443e-06
73,32,2.20351e-06
74,32,2.16346e-06
75,32,2.16439e-06
76,32,2.18395e-06
77,32,2.20537e-06
78,32,2.17464e-06
79,32,2.35438e-06
80,32,2.37487e-06
81,32,2.18395e-06
82,32,2.16346e-06
83,32,2.12435e-06
84,32,2.17464e-06
85,32,2.18395e-06
86,32,2.17464e-06
87,32,2.17464e-06
88,32,2.73529e-06
89,32,2.16346e-06
90,32,2.16439e-06
91,32,2.18488e-06
92,32,2.18395e-06
93,32,2.15415e-06
94,32,2.18395e-06
95,32,2.17464e-06
96,32,2.35531e-06
97,32,2.13366e-06
98,32,2.20444e-06
99,32,2.18395e-06
0,64,3.97749e-05
1,64,1.90455e-06
2,64,1.35554e-05
3,64,1.10809e-05
4,64,1.23307e-06
5,64,1.20327e-06
6,64,1.01235e-06
7,64,4.71901e-06
8,64,1.04215e-06
9,64,1.05239e-06
10,64,9.91859e-07
11,64,1.16136e-06
12,64,1.03191e-06
13,64,5.38956e-06
14,64,1.21165e-06
15,64,2.06297e-05
16,64,5.9614e-06
17,64,9.51812e-07
18,64,1.03191e-06
19,64,4.57838e-06
20,64,4.28781e-06
21,64,2.45497e-06
22,64,9.71369e-07
23,64,1.15922e-05
24,64,9.00589e-07
25,64,7.3947e-06
26,64,1.51247e-06
27,64,4.20865e-06
28,64,2.01259e-06
29,64,3.69735e-06
30,64,2.32458e-06
31,64,4.92018e-06
32,64,7.53347e-06
33,64,2.55462e-06
34,64,1.06106e-05
35,64,4.26825e-06
36,64,4.96022e-06
37,64,9.0152e-07
38,64,9.62056e-07
39,64,9.22009e-07
40,64,9.12696e-07
41,64,9.02452e-07
42,64,9.62056e-07
43,64,3.98792e-06
44,64,5.80121e-06
45,64,4.04846e-06
46,64,8.72649e-07
47,64,8.62405e-07
48,64,8.5216e-07
49,64,9.31323e-07
50,64,5.15953e-06
51,64,3.78769e-06
52,64,4.59887e-06
53,64,5.55068e-06
54,64,6.11134e-06
55,64,6.23148e-06
56,64,3.9367e-06
57,64,8.01496e-06
58,64,4.21796e-06
59,64,3.18605e-06
60,64,7.09295e-06
61,64,6.23241e-06
62,64,4.28874e-06
63,64,9.72301e-07
64,64,8.51601e-06
65,64,5.70156e-06
66,64,3.54741e-06
67,64,5.30016e-06
68,64,4.79817e-06
69,64,4.45917e-06
70,64,8.706e-06
71,64,3.92832e-06
72,64,6.27246e-06
73,64,1.032e-05
74,64,7.89482e-06
75,64,6.35255e-06
76,64,3.11527e-06
77,64,4.55882e-06
78,64,4.79911e-06
79,64,3.66755e-06
80,64,6.97374e-06
81,64,7.49435e-06
82,64,4.83915e-06
83,64,7.44406e-06
84,64,3.90783e-06
85,64,4.21796e-06
86,64,3.14601e-06
87,64,4.0587e-06
88,64,4.42751e-06
89,64,3.41609e-06
90,64,9.42498e-07
91,64,8.31671e-07
92,64,3.26522e-06
93,64,8.61473e-07
94,64,4.27756e-06
95,64,8.5216e-07
96,64,9.62056e-07
97,64,8.22358e-07
98,64,1.42371e-05
99,64,1.02492e-05
0,128,3.98746e-05
1,128,1.87382e-06
2,128,1.1418e-06
3,128,1.10175e-06
4,128,1.12224e-06
5,128,1.0822e-06
6,128,1.06264e-06
7,128,1.07195e-06
8,128,1.19209e-06
9,128,1.06171e-06
10,128,1.03284e-06
11,128,1.20122e-05
12,128,1.0822e-06
13,128,3.89758e-06
14,128,1.06264e-06
15,128,1.95466e-05
16,128,1.38767e-05
17,128,1.11293e-06
18,128,2.61515e-06
19,128,8.5216e-07
20,128,1.05146e-06
21,128,9.22009e-07
22,128,9.81614e-07
23,128,1.01235e-06
24,128,2.31843e-05
25,128,1.02166e-06
26,128,9.00589e-07
27,128,8.71718e-07
28,128,9.42498e-07
29,128,1.01291e-05
30,128,4.909e-06
31,128,9.71369e-07
32,128,7.80541e-06
33,128,2.43541e-06
34,128,5.15953e-06
35,128,6.43265e-06
36,128,9.91859e-06
37,128,2.47452e-06
38,128,9.29739e-06
39,128,9.11765e-07
40,128,9.0152e-07
41,128,1.14273e-06
42,128,1.05239e-06
43,128,2.31434e-06
44,128,2.16616e-05
45,128,1.25337e-05
46,128,9.42498e-07
47,128,2.57092e-05
48,128,9.32254e-07
49,128,3.15625e-06
50,128,2.49669e-05
51,128,6.60308e-07
52,128,1.25235e-05
53,128,9.81614e-07
54,128,8.91276e-07
55,128,9.61125e-07
56,128,9.51812e-07
57,128,8.91276e-07
58,128,9.11765e-07
59,128,9.22009e-07
60,128,1.10175e-06
61,128,8.92207e-07
62,128,8.92207e-07
63,128,9.51812e-07
64,128,9.42498e-07
65,128,1.05146e-06
66,128,1.13342e-06
67,128,1.0021e-06
68,128,9.40636e-07
69,128,9.22009e-07
70,128,9.0152e-07
71,128,9.0152e-07
72,128,1.02166e-06
73,128,8.60542e-07
74,128,9.51812e-07
75,128,9.62056e-07
76,128,9.22009e-07
77,128,9.5088e-07
78,128,9.91859e-07
79,128,8.70787e-07
80,128,9.41567e-07
81,128,9.12696e-07
82,128,7.61542e-06
83,128,1.04215e-06
84,128,5.59166e-06
85,128,9.21078e-07
86,128,8.19471e-06
87,128,7.89389e-06
88,128,7.21402e-06
89,128,9.51812e-07
90,128,1.03284e-06
91,128,1.01048e-06
92,128,1.01142e-06
93,128,9.22009e-07
94,128,1.03191e-06
95,128,9.72301e-07
96,128,9.81614e-07
97,128,9.51812e-07
98,128,9.91859e-07
99,128,2.62447e-06
0,256,9.12817e-05
1,256,2.12342e-06
2,256,1.30292e-06
3,256,1.23121e-06
4,256,4.38839e-06
5,256,1.10175e-06
6,256,1.10362e-06
7,256,1.12224e-06
8,256,9.03755e-06
9,256,4.74881e-06
10,256,1.04215e-06
11,256,1.05146e-06
12,256,1.06171e-06
13,256,1.01142e-06
14,256,1.0822e-06
15,256,2.00076e-05
16,256,5.92228e-06
17,256,2.685e-06
18,256,8.61473e-07
19,256,8.5216e-07
20,256,8.61473e-07
21,256,8.81962e-07
22,256,9.72301e-07
23,256,1.04215e-06
24,256,9.22009e-07
25,256,9.32254e-07
26,256,8.81962e-07
27,256,9.0152e-07
28,256,9.22009e-07
29,256,8.31671e-07
30,256,1.04215e-06
31,256,9.10833e-07
32,256,9.22009e-07
33,256,8.12113e-07
34,256,8.91276e-07
35,256,8.92207e-07
36,256,8.92207e-07
37,256,9.91859e-07
38,256,9.9279e-07
39,256,9.21078e-07
40,256,8.61473e-07
41,256,8.50298e-07
42,256,8.51229e-07
43,256,9.71369e-07
44,256,1.1418e-06
45,256,9.11765e-07
46,256,9.32254e-07
47,256,9.62056e-07
48,256,9.32254e-07
49,256,2.66451e-06
50,256,8.91276e-07
51,256,3.32575e-06
52,256,7.33417e-06
53,256,1.29556e-05
54,256,9.01707e-06
55,256,2.61515e-06
56,256,8.40984e-07
57,256,1.06264e-06
58,256,5.24987e-06
59,256,2.2836e-06
60,256,9.91859e-07
61,256,2.35531e-06
62,256,1.0021e-06
63,256,9.42498e-07
64,256,9.52743e-07
65,256,7.19447e-06
66,256,5.03939e-06
67,256,9.61125e-07
68,256,9.71369e-07
69,256,9.72301e-07
70,256,9.61125e-07
71,256,9.31323e-07
72,256,9.81614e-07
73,256,9.91859e-07
74,256,2.93553e-06
75,256,2.62447e-06
76,256,9.5088e-07
77,256,1.03284e-06
78,256,9.91859e-07
79,256,9.61125e-07
80,256,9.91859e-07
81,256,1.04215e-06
82,256,1.22832e-05
83,256,9.22009e-07
84,256,8.31671e-07
85,256,1.0021e-06
86,256,5.07012e-06
87,256,1.04802e-05
88,256,9.54792e-06
89,256,9.70438e-07
90,256,9.71369e-07
91,256,1.10511e-05
92,256,9.22009e-07
93,256,9.62056e-07
94,256,9.72301e-07
95,256,8.92207e-07
96,256,8.92207e-07
97,256,9.10833e-07
98,256,9.91859e-07
99,256,9.42498e-07
0,512,4.7951e-05
1,512,2.13366e-06
2,512,1.34204e-06
3,512,1.21351e-06
4,512,1.27219e-06
5,512,1.08313e-06
6,512,1.13156e-06
7,512,1.1418e-06
8,512,7.50553e-06
9,512,1.1418e-06
10,512,1.11293e-06
11,512,3.40138e-05
12,512,2.18917e-05
13,512,8.12113e-07
14,512,1.13342e-06
15,512,3.28217e-05
16,512,1.20727e-05
17,512,1.17254e-06
18,512,9.80683e-07
19,512,1.05146e-06
20,512,1.18278e-06
21,512,1.13156e-06
22,512,1.07288e-06
23,512,1.41282e-06
24,512,1.09151e-06
25,512,9.91859e-07
26,512,1.5419e-05
27,512,2.59392e-05
28,512,1.30646e-05
29,512,1.08397e-05
30,512,2.02982e-05
31,512,1.60504e-05
32,512,1.57999e-05
33,512,1.91163e-05
34,512,2.35131e-05
35,512,1.4076e-05
36,512,1.12308e-05
37,512,1.43871e-05
38,512,1.35945e-05
39,512,1.04029e-06
40,512,1.01142e-06
41,512,1.08005e-05
42,512,1.55196e-05
43,512,1.30255e-05
44,512,1.82046e-05
45,512,7.65361e-06
46,512,1.21035e-05
47,512,1.44374e-05
48,512,1.42176e-05
49,512,1.2273e-05
50,512,1.30646e-05
51,512,1.10511e-05
52,512,1.98074e-05
53,512,1.39363e-05
54,512,2.42656e-05
55,512,1.20727e-05
56,512,1.2463e-05
57,512,1.13919e-05
58,512,6.52205e-06
59,512,6.10948e-07
60,512,1.0021e-06
61,512,9.22009e-07
62,512,1.01235e-06
63,512,6.9933e-06
64,512,7.31088e-07
65,512,1.0822e-06
66,512,8.3847e-06
67,512,2.44258e-05
68,512,2.52677e-05
69,512,1.41766e-05
70,512,2.30335e-05
71,512,2.23918e-05
72,512,1.21165e-06
73,512,1.15205e-06
74,512,1.78339e-05
75,512,1.6571e-05
76,512,2.62186e-05
77,512,4.85871e-06
78,512,9.71928e-06
79,512,5.34952e-06
80,512,8.14535e-06
81,512,1.08201e-05
82,512,1.12709e-05
83,512,1.19712e-05
84,512,1.02306e-05
85,512,1.23931e-05
86,512,1.1011e-05
87,512,2.11401e-05
88,512,7.51484e-06
89,512,1.02166e-06
90,512,4.88851e-06
91,512,1.61612e-05
92,512,9.70811e-06
93,512,1.1161e-05
94,512,1.34651e-05
95,512,1.39661e-05
96,512,1.24741e-05
97,512,1.18827e-05
98,512,1.0021e-06
99,512,5.12041e-06
0,1024,6.61854e-05
1,1024,2.21375e-06
2,1024,1.27144e-05
3,1024,1.23214e-06
4,1024,1.34297e-06
5,1024,1.3113e-06
6,1024,5.09061e-06
7,1024,1.23214e-06
8,1024,2.67569e-06
9,1024,4.21796e-06
10,1024,1.20141e-06
11,1024,4.08757e-06
12,1024,1.14273e-06
13,1024,7.69366e-06
14,1024,1.24238e-06
15,1024,2.09799e-05
16,1024,7.03428e-06
17,1024,1.38301e-06
18,1024,1.28243e-06
19,1024,1.26194e-06
20,1024,1.34204e-06
21,1024,1.2517e-06
22,1024,1.22935e-05
23,1024,1.30199e-06
24,1024,8.29622e-06
25,1024,1.49291e-06
26,1024,3.51574e-06
27,1024,1.33365e-06
28,1024,1.24145e-06
29,1024,1.29361e-06
30,1024,1.09412e-05
31,1024,1.23307e-06
32,1024,3.69642e-06
33,1024,2.73529e-06
34,1024,1.03405e-05
35,1024,1.19209e-06
36,1024,2.80421e-06
37,1024,1.30199e-06
38,1024,4.58956e-06
39,1024,2.97651e-06
40,1024,1.33365e-06
41,1024,3.34531e-06
42,1024,1.2517e-06
43,1024,3.23635e-06
44,1024,3.42727e-06
45,1024,9.71928e-06
46,1024,2.89641e-06
47,1024,1.18185e-06
48,1024,1.15205e-06
49,1024,1.42306e-06
50,1024,1.17254e-06
51,1024,1.1716e-06
52,1024,1.16229e-06
53,1024,1.1418e-06
54,1024,1.15205e-06
55,1024,1.23214e-06
56,1024,1.98269e-05
57,1024,1.21631e-05
58,1024,1.23121e-06
59,1024,1.1418e-06
60,1024,1.12224e-06
61,1024,1.10175e-06
62,1024,1.12318e-06
63,1024,1.27219e-06
64,1024,1.20224e-05
65,1024,1.83042e-05
66,1024,1.12224e-06
67,1024,1.12131e-06
68,1024,1.112e-06
69,1024,8.00937e-07
70,1024,1.18185e-06
71,1024,1.13249e-06
72,1024,9.92883e-06
73,1024,2.72412e-06
74,1024,3.89665e-06
75,1024,1.2815e-06
76,1024,1.23214e-06
77,1024,7.46455e-06
78,1024,5.97164e-06
79,1024,6.26128e-06
80,1024,1.29361e-06
81,1024,2.26405e-06
82,1024,5.26011e-06
83,1024,2.49501e-06
84,1024,6.021e-06
85,1024,2.45403e-06
86,1024,2.47546e-06
87,1024,1.23214e-06
88,1024,4.29805e-06
89,1024,1.41189e-06
90,1024,1.23307e-06
91,1024,1.10269e-06
92,1024,1.29174e-06
93,1024,1.32341e-06
94,1024,3.29595e-06
95,1024,1.30199e-06
96,1024,1.23121e-06
97,1024,2.40374e-06
98,1024,1.15307e-05
99,1024,5.01983e-06
0,2048,4.91124e-05
1,2048,2.58535e-06
2,2048,1.56276e-06
3,2048,1.54227e-06
4,2048,1.4212e-06
5,2048,5.86174e-06
6,2048,1.13705e-05
7,2048,1.43237e-06
8,2048,1.43331e-06
9,2048,1.5432e-06
10,2048,1.48173e-06
11,2048,9.95863e-06
12,2048,1.03088e-05
13,2048,1.35228e-06
14,2048,1.40164e-06
15,2048,2.08085e-05
16,2048,1.01402e-05
17,2048,1.60281e-06
18,2048,1.50315e-06
19,2048,1.50315e-06
20,2048,3.16557e-06
21,2048,9.06643e-06
22,2048,2.67476e-06
23,2048,1.59349e-06
24,2048,1.55345e-06
25,2048,1.49291e-06
26,2048,3.66755e-06
27,2048,1.50315e-06
28,2048,6.95325e-06
29,2048,1.53296e-06
30,2048,1.46311e-06
31,2048,4.46755e-06
32,2048,1.47335e-06
33,2048,1.52271e-06
34,2048,4.53833e-06
35,2048,1.52271e-06
36,2048,1.58325e-06
37,2048,1.63261e-06
38,2048,1.47242e-06
39,2048,1.5432e-06
40,2048,1.61305e-06
41,2048,1.5432e-06
42,2048,1.45286e-06
43,2048,1.42306e-06
44,2048,1.47335e-06
45,2048,1.45193e-06
46,2048,1.56276e-06
47,2048,1.2394e-05
48,2048,1.55345e-06
49,2048,2.68593e-06
50,2048,6.41216e-06
51,2048,4.34835e-06
52,2048,3.29595e-06
53,2048,1.56276e-06
54,2048,1.46218e-06
55,2048,1.50315e-06
56,2048,1.55345e-06
57,2048,1.50315e-06
58,2048,1.55251e-06
59,2048,1.32248e-06
60,2048,7.02403e-06
61,2048,1.48267e-06
62,2048,3.14601e-06
63,2048,1.52793e-05
64,2048,1.55251e-06
65,2048,1.53296e-06
66,2048,1.43331e-06
67,2048,1.64285e-06
68,2048,1.79373e-06
69,2048,6.77165e-06
70,2048,1.56369e-06
71,2048,7.48411e-06
72,2048,1.60281e-06
73,2048,1.47242e-06
74,2048,1.28038e-05
75,2048,7.24476e-06
76,2048,1.49198e-06
77,2048,1.49291e-06
78,2048,2.03308e-06
79,2048,4.12762e-06
80,2048,2.94577e-06
81,2048,5.32996e-06
82,2048,1.58325e-06
83,2048,6.82287e-06
84,2048,1.50315e-06
85,2048,3.92739e-06
86,2048,3.6275e-06
87,2048,1.50315e-06
88,2048,1.47335e-06
89,2048,1.2463e-05
90,2048,9.15769e-06
91,2048,5.19957e-06
92,2048,1.50315e-06
93,2048,1.56369e-06
94,2048,1.44262e-06
95,2048,4.21796e-06
96,2048,2.53506e-06
97,2048,1.47335e-06
98,2048,1.7127e-06
99,2048,1.78255e-06
0,4096,7.12937e-05
1,4096,6.75302e-06
2,4096,6.50156e-06
3,4096,6.47269e-06
4,4096,6.38142e-06
5,4096,6.53137e-06
6,4096,6.06012e-06
7,4096,2.46065e-05
8,4096,1.22432e-05
9,4096,6.0508e-06
10,4096,6.51181e-06
11,4096,5.93066e-06
12,4096,6.48201e-06
13,4096,8.12486e-06
14,4096,6.07222e-06
15,4096,6.44196e-06
16,4096,6.12065e-06
17,4096,6.05173e-06
18,4096,6.45313e-06
19,4096,6.36186e-06
20,4096,6.8536e-06
21,4096,6.12065e-06
22,4096,6.36186e-06
23,4096,6.16163e-06
24,4096,6.4224e-06
25,4096,6.46245e-06
26,4096,6.7316e-06
27,4096,6.38142e-06
28,4096,6.05173e-06
29,4096,6.08061e-06
30,4096,6.18119e-06
31,4096,5.98188e-06
32,4096,6.12065e-06
33,4096,6.08154e-06
34,4096,6.021e-06
35,4096,6.48201e-06
36,4096,6.03031e-06
37,4096,6.11227e-06
38,4096,6.08154e-06
39,4096,6.10109e-06
40,4096,6.51274e-06
41,4096,5.9614e-06
42,4096,6.0508e-06
43,4096,6.4224e-06
44,4096,6.33206e-06
45,4096,6.52298e-06
46,4096,5.93159e-06
47,4096,6.10109e-06
48,4096,6.09085e-06
49,4096,7.51391e-06
50,4096,6.47176e-06
51,4096,6.40191e-06
52,4096,6.44196e-06
53,4096,6.43171e-06
54,4096,6.39167e-06
55,4096,6.33206e-06
56,4096,6.49225e-06
57,4096,6.70273e-06
58,4096,6.34138e-06
59,4096,6.36186e-06
60,4096,6.4522e-06
61,4096,6.63288e-06
62,4096,5.98095e-06
63,4096,6.38142e-06
64,4096,6.35255e-06
65,4096,6.44196e-06
66,4096,6.33206e-06
67,4096,6.43171e-06
68,4096,6.44196e-06
69,4096,6.30133e-06
70,4096,6.4224e-06
71,4096,6.52205e-06
72,4096,6.47269e-06
73,4096,6.38142e-06
74,4096,6.18119e-06
75,4096,6.16163e-06
76,4096,6.50249e-06
77,4096,6.021e-06
78,4096,6.07036e-06
79,4096,6.40191e-06
80,4096,6.48201e-06
81,4096,6.50156e-06
82,4096,6.40191e-06
83,4096,6.76326e-06
84,4096,6.43265e-06
85,4096,6.05173e-06
86,4096,6.78282e-06
87,4096,6.47269e-06
88,4096,6.84243e-06
89,4096,6.44196e-06
90,4096,6.47176e-06
91,4096,6.46245e-06
92,4096,7.3649e-06
93,4096,7.89575e-06
94,4096,6.69342e-06
95,4096,6.0508e-06
96,4096,6.40191e-06
97,4096,6.83218e-06
98,4096,7.69552e-06
99,4096,6.64219e-06
0,8192,0.000148721
1,8192,6.88247e-06
2,8192,1.42772e-05
3,8192,5.1083e-06
4,8192,4.63892e-06
5,8192,4.63892e-06
6,8192,5.19957e-06
7,8192,2.36239e-05
8,8192,1.8104e-05
9,8192,1.00182e-05
10,8192,1.52094e-05
11,8192,1.37556e-05
12,8192,1.24136e-05
13,8192,1.73328e-05
14,8192,4.79911e-06
15,8192,4.5076e-06
16,8192,4.43961e-06
17,8192,4.54858e-06
18,8192,4.47873e-06
19,8192,7.01379e-06
20,8192,1.51992e-05
21,8192,1.57999e-05
22,8192,1.55801e-05
23,8192,1.32043e-05
24,8192,1.53491e-05
25,8192,1.36662e-05
26,8192,4.35859e-06
27,8192,4.53833e-06
28,8192,1.64704e-05
29,8192,1.47289e-05
30,8192,1.607e-05
31,8192,4.74881e-06
32,8192,1.49077e-05
33,8192,1.38162e-05
34,8192,1.6842e-05
35,8192,1.52793e-05
36,8192,4.40795e-06
37,8192,1.18017e-05
38,8192,1.21128e-05
39,8192,1.49487e-05
40,8192,8.33627e-06
41,8192,1.7032e-05
42,8192,1.4958e-05
43,8192,4.44893e-06
44,8192,4.44893e-06
45,8192,4.42751e-06
46,8192,4.55789e-06
47,8192,4.5076e-06
48,8192,4.51878e-06
49,8192,4.28781e-06
50,8192,4.32786e-06
51,8192,4.53833e-06
52,8192,4.43868e-06
53,8192,4.47873e-06
54,8192,4.36883e-06
55,8192,4.29805e-06
56,8192,1.2815e-05
57,8192,1.03507e-05
58,8192,9.44827e-06
59,8192,1.06897e-05
60,8192,4.29805e-06
61,8192,4.49829e-06
62,8192,1.2544e-05
63,8192,1.31046e-05
64,8192,1.3575e-05
65,8192,1.68411e-05
66,8192,8.83546e-06
67,8192,8.64733e-06
68,8192,1.11507e-05
69,8192,1.09803e-05
70,8192,1.29733e-05
71,8192,1.25533e-05
72,8192,5.13997e-06
73,8192,8.706e-06
74,8192,7.66478e-06
75,8192,1.47084e-05
76,8192,9.75747e-06
77,8192,9.27784e-06
78,8192,1.00192e-05
79,8192,1.44085e-05
80,8192,1.41561e-05
81,8192,1.36066e-05
82,8192,1.2313e-05
83,8192,4.51878e-06
84,8192,1.33254e-05
85,8192,5.41098e-06
86,8192,4.95929e-06
87,8192,1.08806e-05
88,8192,8.92673e-06
89,8192,1.40062e-05
90,8192,7.07339e-06
91,8192,4.5076e-06
92,8192,4.47966e-06
93,8192,4.43961e-06
94,8192,4.43961e-06
95,8192,4.31854e-06
96,8192,4.67896e-06
97,8192,1.29156e-05
98,8192,8.0457e-06
99,8192,4.48897e-06
0,16384,8.42884e-05
1,16384,8.96677e-06
2,16384,5.67175e-06
3,16384,5.22938e-06
4,16384,5.26011e-06
5,16384,5.40074e-06
6,16384,5.39981e-06
7,16384,2.43559e-05
8,16384,8.55606e-06
9,16384,5.3402e-06
10,16384,5.51064e-06
11,16384,5.22006e-06
12,16384,5.12972e-06
13,16384,6.62263e-06
14,16384,5.13066e-06
15,16384,5.03007e-06
16,16384,5.0189e-06
17,16384,4.94905e-06
18,16384,5.20982e-06
19,16384,5.14928e-06
20,16384,5.11948e-06
21,16384,4.96022e-06
22,16384,4.9891e-06
23,16384,5.50039e-06
24,16384,5.01983e-06
25,16384,5.37932e-06
26,16384,5.24987e-06
27,16384,5.05056e-06
28,16384,5.02914e-06
29,16384,4.94905e-06
30,16384,4.96861e-06
31,16384,6.18212e-06
32,16384,5.0487e-06
33,16384,5.49015e-06
34,16384,5.12041e-06
35,16384,5.03939e-06
36,16384,5.11948e-06
37,16384,5.08968e-06
38,16384,4.91831e-06
39,16384,5.24987e-06
40,16384,5.53019e-06
41,16384,5.05056e-06
42,16384,5.11017e-06
43,16384,5.20982e-06
44,16384,5.13904e-06
45,16384,5.28991e-06
46,16384,4.92949e-06
47,16384,5.0487e-06
48,16384,5.22938e-06
49,16384,5.50039e-06
50,16384,5.02914e-06
51,16384,5.10924e-06
52,16384,5.11017e-06
53,16384,4.94998e-06
54,16384,5.28991e-06
55,16384,5.24055e-06
56,16384,5.26011e-06
57,16384,5.26942e-06
58,16384,5.00958e-06
59,16384,5.22006e-06
60,16384,5.18933e-06
61,16384,5.32996e-06
62,16384,5.0487e-06
63,16384,4.97978e-06
64,16384,5.68107e-06
65,16384,5.24987e-06
66,16384,5.11948e-06
67,16384,5.0189e-06
68,16384,5.02914e-06
69,16384,5.12972e-06
70,16384,5.31971e-06
71,16384,5.11017e-06
72,16384,5.49015e-06
73,16384,5.51995e-06
74,16384,5.39981e-06
75,16384,5.11855e-06
76,16384,5.18002e-06
77,16384,5.05988e-06
78,16384,4.88944e-06
79,16384,5.01983e-06
80,16384,4.9891e-06
81,16384,5.35045e-06
82,16384,5.30016e-06
83,16384,5.03939e-06
84,16384,5.12041e-06
85,16384,5.06919e-06
86,16384,5.03939e-06
87,16384,5.27035e-06
88,16384,5.03939e-06
89,16384,5.64102e-06
90,16384,5.23962e-06
91,16384,5.12879e-06
92,16384,5.00958e-06
93,16384,5.04032e-06
94,16384,5.12972e-06
95,16384,5.07012e-06
96,16384,5.55068e-06
97,16384,5.04032e-06
98,16384,4.99003e-06
99,16384,5.20982e-06
0,32768,8.95588e-05
1,32768,1.34055e-05
2,32768,1.24825e-05
3,32768,1.1581e-05
4,32768,1.24341e-05
5,32768,1.19014e-05
6,32768,1.15223e-05
7,32768,3.01478e-05
8,32768,1.7222e-05
9,32768,1.16518e-05
10,32768,1.14506e-05
11,32768,1.16918e-05
12,32768,1.17822e-05
13,32768,1.34557e-05
14,32768,1.18036e-05
15,32768,1.17021e-05
16,32768,1.13612e-05
17,32768,1.11805e-05
18,32768,1.13007e-05
19,32768,1.22031e-05
20,32768,1.12411e-05
21,32768,1.13212e-05
22,32768,1.11107e-05
23,32768,1.20532e-05
24,32768,1.1201e-05
25,32768,1.15111e-05
26,32768,1.19628e-05
27,32768,1.13212e-05
28,32768,1.20234e-05
29,32768,1.1351e-05
30,32768,1.18325e-05
31,32768,1.17617e-05
32,32768,1.20327e-05
33,32768,1.16527e-05
34,32768,1.20224e-05
35,32768,1.13314e-05
36,32768,1.16024e-05
37,32768,1.15912e-05
38,32768,1.15922e-05
39,32768,1.17728e-05
40,32768,2.07396e-05
41,32768,1.26343e-05
42,32768,1.15819e-05
43,32768,1.17617e-05
44,32768,1.25142e-05
45,32768,1.16425e-05
46,32768,1.19423e-05
47,32768,1.18027e-05
48,32768,1.17617e-05
49,32768,1.15009e-05
50,32768,1.12914e-05
51,32768,1.12411e-05
52,32768,1.13714e-05
53,32768,1.14916e-05
54,32768,1.15018e-05
55,32768,1.12709e-05
56,32768,2.32439e-05
57,32768,1.15111e-05
58,32768,1.16918e-05
59,32768,1.21733e-05
60,32768,1.18231e-05
61,32768,1.2002e-05
62,32768,1.14413e-05
63,32768,1.13109e-05
64,32768,1.16918e-05
65,32768,1.18716e-05
66,32768,1.16918e-05
67,32768,1.19321e-05
68,32768,1.16024e-05
69,32768,1.1432e-05
70,32768,1.74036e-05
71,32768,1.17114e-05
72,32768,1.1472e-05
73,32768,1.16322e-05
74,32768,1.15121e-05
75,32768,1.21826e-05
76,32768,1.14115e-05
77,32768,1.13416e-05
78,32768,1.29743e-05
79,32768,1.22441e-05
80,32768,1.15121e-05
81,32768,1.21128e-05
82,32768,1.23931e-05
83,32768,2.43066e-05
84,32768,1.18716e-05
85,32768,1.18017e-05
86,32768,1.1662e-05
87,32768,1.12606e-05
88,32768,1.14627e-05
89,32768,1.1812e-05
90,32768,1.13109e-05
91,32768,1.13202e-05
92,32768,1.14823e-05
93,32768,1.14525e-05
94,32768,1.2083e-05
95,32768,1.14925e-05
96,32768,1.14217e-05
97,32768,1.15624e-05
98,32768,1.12914e-05
99,32768,1.18632e-05
0,65536,0.000107503
1,65536,1.95168e-05
2,65536,1.7764e-05
3,65536,1.74427e-05
4,65536,1.80844e-05
5,65536,1.80742e-05
6,65536,1.79745e-05
7,65536,4.81708e-05
8,65536,2.42861e-05
9,65536,1.85752e-05
10,65536,1.91862e-05
11,65536,1.80937e-05
12,65536,1.80136e-05
13,65536,2.46465e-05
14,65536,1.76523e-05
15,65536,1.88164e-05
16,65536,1.77938e-05
17,65536,1.8605e-05
18,65536,1.8646e-05
19,65536,1.86749e-05
20,65536,1.82744e-05
21,65536,1.86348e-05
22,65536,1.7954e-05
23,65536,1.75731e-05
24,65536,1.78842e-05
25,65536,1.80742e-05
26,65536,1.81636e-05
27,65536,1.82148e-05
28,65536,1.88854e-05
29,65536,1.78535e-05
30,65536,1.85454e-05
31,65536,1.80351e-05
32,65536,1.81338e-05
33,65536,1.84951e-05
34,65536,1.77529e-05
35,65536,1.85259e-05
36,65536,1.8144e-05
37,65536,1.78432e-05
38,65536,1.83042e-05
39,65536,1.76923e-05
40,65536,1.83554e-05
41,65536,1.78944e-05
42,65536,1.88546e-05
43,65536,1.84458e-05
44,65536,1.87661e-05
45,65536,1.83154e-05
46,65536,1.83452e-05
47,65536,1.85156e-05
48,65536,1.73729e-05
49,65536,1.84849e-05
50,65536,1.7954e-05
51,65536,1.90465e-05
52,65536,1.76234e-05
53,65536,1.83145e-05
54,65536,1.77827e-05
55,65536,1.77827e-05
56,65536,1.82856e-05
57,65536,1.76234e-05
58,65536,1.82446e-05
59,65536,2.6199e-05
60,65536,1.85054e-05
61,65536,1.8104e-05
62,65536,1.80341e-05
63,65536,1.80537e-05
64,65536,1.79941e-05
65,65536,1.81952e-05
66,65536,1.83554e-05
67,65536,1.78134e-05
68,65536,1.76532e-05
69,65536,1.81645e-05
70,65536,1.84057e-05
71,65536,1.85054e-05
72,65536,1.86348e-05
73,65536,1.83154e-05
74,65536,1.79932e-05
75,65536,1.89161e-05
76,65536,1.8755e-05
77,65536,1.88155e-05
78,65536,1.82148e-05
79,65536,1.82139e-05
80,65536,2.00877e-05
81,65536,1.82549e-05
82,65536,1.84551e-05
83,65536,1.76625e-05
84,65536,1.79643e-05
85,65536,1.76029e-05
86,65536,1.8144e-05
87,65536,1.8145e-05
88,65536,1.87363e-05
89,65536,1.8334e-05
90,65536,1.60504e-05
91,65536,1.80248e-05
92,65536,1.83741e-05
93,65536,1.82549e-05
94,65536,1.85054e-05
95,65536,1.8565e-05
96,65536,1.77631e-05
97,65536,1.85557e-05
98,65536,1.82735e-05
99,65536,1.88854e-05
0,131072,0.000203965
1,131072,3.27015e-05
2,131072,4.00962e-05
3,131072,2.81334e-05
4,131072,2.76817e-05
5,131072,4.15593e-05
6,131072,3.00463e-05
7,131072,5.49546e-05
8,131072,4.18788e-05
9,131072,3.20012e-05
10,131072,3.72808e-05
11,131072,3.97945e-05
12,131072,3.78005e-05
13,131072,3.76012e-05
14,131072,3.199e-05
15,131072,3.34932e-05
16,131072,2.73315e-05
17,131072,3.176e-05
18,131072,3.20207e-05
19,131072,3.49656e-05
20,131072,3.16901e-05
21,131072,3.37325e-05
22,131072,3.2221e-05
23,131072,3.26205e-05
24,131072,3.34429e-05
25,131072,3.23514e-05
26,131072,3.84627e-05
27,131072,3.45949e-05
28,131072,3.41749e-05
29,131072,3.23011e-05
30,131072,3.11583e-05
31,131072,3.47262e-05
32,131072,3.32333e-05
33,131072,4.06466e-05
34,131072,3.69092e-05
35,131072,3.43537e-05
36,131072,2.72412e-05
37,131072,3.41553e-05
38,131072,2.8153e-05
39,131072,2.68305e-05
40,131072,4.4575e-05
41,131072,3.52273e-05
42,131072,3.09087e-05
43,131072,3.68804e-05
44,131072,3.86722e-05
45,131072,3.49153e-05
46,131072,3.09478e-05
47,131072,3.11891e-05
48,131072,3.34531e-05
49,131072,3.5407e-05
50,131072,3.09385e-05
51,131072,3.29819e-05
52,131072,3.17097e-05
53,131072,3.48957e-05
54,131072,2.83029e-05
55,131072,2.74824e-05
56,131072,3.17004e-05
57,131072,3.19397e-05
58,131072,3.23504e-05
59,131072,3.06778e-05
60,131072,4.12185e-05
61,131072,3.3143e-05
62,131072,3.3753e-05
63,131072,3.17199e-05
64,131072,3.71002e-05
65,131072,3.23812e-05
66,131072,3.70592e-05
67,131072,3.03769e-05
68,131072,3.84124e-05
69,131072,3.36934e-05
70,131072,3.62489e-05
71,131072,3.4255e-05
72,131072,3.60887e-05
73,131072,3.23411e-05
74,131072,3.16799e-05
75,131072,3.40343e-05
76,131072,3.34429e-05
77,131072,3.30321e-05
78,131072,3.63179e-05
79,131072,4.02657e-05
80,131072,3.19397e-05
81,131072,3.48659e-05
82,131072,3.6208e-05
83,131072,3.55868e-05
84,131072,4.40422e-05
85,131072,3.22806e-05
86,131072,2.72021e-05
87,131072,2.85348e-05
88,131072,3.54555e-05
89,131072,3.199e-05
90,131072,3.46052e-05
91,131072,3.25814e-05
92,131072,3.34727e-05
93,131072,3.28124e-05
94,131072,2.8885e-05
95,131072,3.03676e-05
96,131072,3.34829e-05
97,131072,3.07681e-05
98,131072,3.84925e-05
99,131072,3.28319e-05
0,262144,0.000239352
1,262144,6.58743e-05
2,262144,5.85504e-05
3,262144,5.59865e-05
4,262144,6.46515e-05
5,262144,6.44214e-05
6,262144,6.53835e-05
7,262144,8.48398e-05
8,262144,6.57234e-05
9,262144,5.69485e-05
10,262144,6.82892e-05
11,262144,6.58939e-05
12,262144,5.75092e-05
13,262144,5.98626e-05
14,262144,6.17374e-05
15,262144,6.52932e-05
16,262144,5.5966e-05
17,262144,5.41219e-05
18,262144,6.31986e-05
19,262144,6.82073e-05
20,262144,6.01644e-05
21,262144,6.12549e-05
22,262144,6.05639e-05
23,262144,6.62049e-05
24,262144,5.98729e-05
25,262144,6.74473e-05
26,262144,6.38803e-05
27,262144,6.19274e-05
28,262144,6.04447e-05
29,262144,6.82296e-05
30,262144,6.35497e-05
31,262144,6.71875e-05
32,262144,6.82687e-05
33,262144,5.49136e-05
34,262144,6.29192e-05
35,262144,6.89896e-05
36,262144,6.20075e-05
37,262144,6.5173e-05
38,262144,5.98533e-05
39,262144,6.75777e-05
40,262144,6.30682e-05
41,262144,6.29192e-05
42,262144,6.0685e-05
43,262144,6.32685e-05
44,262144,6.82091e-05
45,262144,6.16871e-05
46,262144,7.42497e-05
47,262144,6.69463e-05
48,262144,5.48335e-05
49,262144,6.32992e-05
50,262144,6.20475e-05
51,262144,6.43609e-05
52,262144,6.06142e-05
53,262144,6.41309e-05
54,262144,6.05043e-05
55,262144,6.01234e-05
56,262144,6.1566e-05
57,262144,6.0414e-05
58,262144,6.43516e-05
59,262144,6.1526e-05
60,262144,6.43823e-05
61,262144,6.45518e-05
62,262144,5.63161e-05
63,262144,6.89002e-05
64,262144,5.40018e-05
65,262144,5.52647e-05
66,262144,6.2678e-05
67,262144,5.9152e-05
68,262144,7.16746e-05
69,262144,6.06151e-05
70,262144,6.0685e-05
71,262144,7.64038e-05
72,262144,6.13863e-05
73,262144,5.6115e-05
74,262144,5.62258e-05
75,262144,7.11335e-05
76,262144,6.10258e-05
77,262144,5.98533e-05
78,262144,5.47329e-05
79,262144,7.29682e-05
80,262144,5.59958e-05
81,262144,5.82198e-05
82,262144,6.16172e-05
83,262144,5.82803e-05
84,262144,5.94324e-05
85,262144,6.51935e-05
86,262144,6.55446e-05
87,262144,6.09849e-05
88,262144,6.0685e-05
89,262144,6.23669e-05
90,262144,6.1526e-05
91,262144,5.87003e-05
92,262144,6.03041e-05
93,262144,6.4983e-05
94,262144,5.55655e-05
95,262144,5.87711e-05
96,262144,5.39906e-05
97,262144,5.58756e-05
98,262144,6.38114e-05
99,262144,7.13356e-05
0,524288,0.000602547
1,524288,0.000122391
2,524288,0.000123022
3,524288,0.000118072
4,524288,0.000130937
5,524288,0.000119305
6,524288,0.000120608
7,524288,0.000152707
8,524288,0.000125977
9,524288,0.000115639
10,524288,0.000122752
11,524288,0.000119995
12,524288,0.000123613
13,524288,0.000125336
14,524288,0.000118745
15,524288,0.000125948
16,524288,0.000127751
17,524288,0.000116389
18,524288,0.000116942
19,524288,0.000119406
20,524288,0.000134473
21,524288,0.000122981
22,524288,0.000123192
23,524288,0.000128503
24,524288,0.00013769
25,524288,0.000125126
26,524288,0.000125406
27,524288,0.000133652
28,524288,0.000119136
29,524288,0.000126188
30,524288,0.000121098
31,524288,0.000128683
32,524288,0.000114036
33,524288,0.000128333
34,524288,0.000115227
35,524288,0.000123543
36,524288,0.000125256
37,524288,0.000125336
38,524288,0.000133993
39,524288,0.000120177
40,524288,0.000126589
41,524288,0.000118454
42,524288,0.000120988
43,524288,0.000124294
44,524288,0.000119245
45,524288,0.00012715
46,524288,0.000119335
47,524288,0.000121219
48,524288,0.000113475
49,524288,0.000126389
50,524288,0.00012219
51,524288,0.000118494
52,524288,0.000119305
53,524288,0.000128272
54,524288,0.000122251
55,524288,0.00012188
56,524288,0.000118895
57,524288,0.00012184
58,524288,0.000120687
59,524288,0.000116992
60,524288,0.000122651
61,524288,0.000132409
62,524288,0.000125597
63,524288,0.000127511
64,524288,0.000124826
65,524288,0.000115708
66,524288,0.00012704
67,524288,0.00012188
68,524288,0.000129194
69,524288,0.000118494
70,524288,0.000129323
71,524288,0.000120998
72,524288,0.000120338
73,524288,0.000124425
74,524288,0.000122491
75,524288,0.000113614
76,524288,0.000128693
77,524288,0.000123112
78,524288,0.000122521
79,524288,0.000124465
80,524288,0.000128963
81,524288,0.000133482
82,524288,0.000122231
83,524288,0.000124545
84,524288,0.000120317
85,524288,0.000118444
86,524288,0.000122151
87,524288,0.000124816
88,524288,0.000123813
89,524288,0.000124285
90,524288,0.000125957
91,524288,0.000113965
92,524288,0.000116641
93,524288,0.000120097
94,524288,0.000120638
95,524288,0.000115699
96,524288,0.000117522
97,524288,0.000116291
98,524288,0.000120588
99,524288,0.000148581
0,1048576,0.00102278
1,1048576,0.000239552
2,1048576,0.000232098
3,1048576,0.000236537
4,1048576,0.00024907
5,1048576,0.000240404
6,1048576,0.000238971
7,1048576,0.000251695
8,1048576,0.000244371
9,1048576,0.000232768
10,1048576,0.00023326
11,1048576,0.000244142
12,1048576,0.000231727
13,1048576,0.000231106
14,1048576,0.000237448
15,1048576,0.000233852
16,1048576,0.000244631
17,1048576,0.000231656
18,1048576,0.000228221
19,1048576,0.000231696
20,1048576,0.000232548
21,1048576,0.000231647
22,1048576,0.000231117
23,1048576,0.000241745
24,1048576,0.000231848
25,1048576,0.000234443
26,1048576,0.00024925
27,1048576,0.000231387
28,1048576,0.000234262
29,1048576,0.000232118
30,1048576,0.000236827
31,1048576,0.000237789
32,1048576,0.000237839
33,1048576,0.000231737
34,1048576,0.000231677
35,1048576,0.00023326
36,1048576,0.000230005
37,1048576,0.000234382
38,1048576,0.000229974
39,1048576,0.000232157
40,1048576,0.000245553
41,1048576,0.000232509
42,1048576,0.000236176
43,1048576,0.000232419
44,1048576,0.000230304
45,1048576,0.000234423
46,1048576,0.000229684
47,1048576,0.000234461
48,1048576,0.000232548
49,1048576,0.000231507
50,1048576,0.000230083
51,1048576,0.000232719
52,1048576,0.00023302
53,1048576,0.00023848
54,1048576,0.00022733
55,1048576,0.000236416
56,1048576,0.000232749
57,1048576,0.00023366
58,1048576,0.000242038
59,1048576,0.000232549
60,1048576,0.000236265
61,1048576,0.000233059
62,1048576,0.000230425
63,1048576,0.000240806
64,1048576,0.000233701
65,1048576,0.00023293
66,1048576,0.000239601
67,1048576,0.000231336
68,1048576,0.00024466
69,1048576,0.000234513
70,1048576,0.000237108
71,1048576,0.000234072
72,1048576,0.000237018
73,1048576,0.000239261
74,1048576,0.000237419
75,1048576,0.000237569
76,1048576,0.00023922
77,1048576,0.000253908
78,1048576,0.000236757
79,1048576,0.0002386
80,1048576,0.000237147
81,1048576,0.000238511
82,1048576,0.000237288
83,1048576,0.000239682
84,1048576,0.00023857
85,1048576,0.000236506
86,1048576,0.000232941
87,1048576,0.000231857
88,1048576,0.000231006
89,1048576,0.000241986
90,1048576,0.000230745
91,1048576,0.000229613
92,1048576,0.000245614
93,1048576,0.000233721
94,1048576,0.000251414
95,1048576,0.000234383
96,1048576,0.000234322
97,1048576,0.000231848
98,1048576,0.000231657
99,1048576,0.000286751
0,2097152,0.00200309
1,2097152,0.000496147
2,2097152,0.000482651
3,2097152,0.000470829
4,2097152,0.000497619
5,2097152,0.000494333
6,2097152,0.000490757
7,2097152,0.000513148
8,2097152,0.000492308
9,2097152,0.000483913
10,2097152,0.000478974
11,2097152,0.000477471
12,2097152,0.000488602
13,2097152,0.000488413
14,2097152,0.00047659
15,2097152,0.000481458
16,2097152,0.000478884
17,2097152,0.000483434
18,2097152,0.000480838
19,2097152,0.000483081
20,2097152,0.000488061
21,2097152,0.00048757
22,2097152,0.00048757
23,2097152,0.000490706
24,2097152,0.000476198
25,2097152,0.000478393
26,2097152,0.000489384
27,2097152,0.000483924
28,2097152,0.000500625
29,2097152,0.000499884
30,2097152,0.000497539
31,2097152,0.000516434
32,2097152,0.000495014
33,2097152,0.000494394
34,2097152,0.000495506
35,2097152,0.000489053
36,2097152,0.000495205
37,2097152,0.000499984
38,2097152,0.000509331
39,2097152,0.000490195
40,2097152,0.000488312
41,2097152,0.000485656
42,2097152,0.000482982
43,2097152,0.000482961
44,2097152,0.000481158
45,2097152,0.000493341
46,2097152,0.000486609
47,2097152,0.000490085
48,2097152,0.000489294
49,2097152,0.000482762
50,2097152,0.000497429
51,2097152,0.00047653
52,2097152,0.000477972
53,2097152,0.00048748
54,2097152,0.000483493
55,2097152,0.000489023
56,2097152,0.000519009
57,2097152,0.000499593
58,2097152,0.000497309
59,2097152,0.000500504
60,2097152,0.000495055
61,2097152,0.000498551
62,2097152,0.000500865
63,2097152,0.000477942
64,2097152,0.000478593
65,2097152,0.000491518
66,2097152,0.000466922
67,2097152,0.000490075
68,2097152,0.000485405
69,2097152,0.000490556
70,2097152,0.000482561
71,2097152,0.000681115
72,2097152,0.000498792
73,2097152,0.000498762
74,2097152,0.00047743
75,2097152,0.000487931
76,2097152,0.000488913
77,2097152,0.000483673
78,2097152,0.000489865
79,2097152,0.000487531
80,2097152,0.000478573
81,2097152,0.000485646
82,2097152,0.000479996
83,2097152,0.000471671
84,2097152,0.000476891
85,2097152,0.000486517
86,2097152,0.000482813
87,2097152,0.000486788
88,2097152,0.000486939
89,2097152,0.000497499
90,2097152,0.000487058
91,2097152,0.000484454
92,2097152,0.000499052
93,2097152,0.000486669
94,2097152,0.000488852
95,2097152,0.000490676
96,2097152,0.000482028
97,2097152,0.000489363
98,2097152,0.000482641
99,2097152,0.000547453
0,4194304,0.00273975
1,4194304,0.000970752
2,4194304,0.000973739
3,4194304,0.000983015
4,4194304,0.000975872
5,4194304,0.000966304
6,4194304,0.000961064
7,4194304,0.000973597
8,4194304,0.000960633
9,4194304,0.000968789
10,4194304,0.000959661
11,4194304,0.000952768
12,4194304,0.00095937
13,4194304,0.000962356
14,4194304,0.000951987
15,4194304,0.000962976
16,4194304,0.0009538
17,4194304,0.000960642
18,4194304,0.000952277
19,4194304,0.000957838
20,4194304,0.000980943
21,4194304,0.000973288
22,4194304,0.000979397
23,4194304,0.000992203
24,4194304,0.000958469
25,4194304,0.000951035
26,4194304,0.000956896
27,4194304,0.000955714
28,4194304,0.000953089
29,4194304,0.000982584
30,4194304,0.000961805
31,4194304,0.000953811
32,4194304,0.00106299
33,4194304,0.000961896
34,4194304,0.000955193
35,4194304,0.000960213
36,4194304,0.000967075
37,4194304,0.00114045
38,4194304,0.000949993
39,4194304,0.000991993
40,4194304,0.00112314
41,4194304,0.000955945
42,4194304,0.000974279
43,4194304,0.000977775
44,4194304,0.000960332
45,4194304,0.000954101
46,4194304,0.000948891
47,4194304,0.000961696
48,4194304,0.000952819
49,4194304,0.000965262
50,4194304,0.000971334
51,4194304,0.000993175
52,4194304,0.000974569
53,4194304,0.00097485
54,4194304,0.000988506
55,4194304,0.000951556
56,4194304,0.000958528
57,4194304,0.000955403
58,4194304,0.000980429
59,4194304,0.000982434
60,4194304,0.000965051
61,4194304,0.0009438
62,4194304,0.000953919
63,4194304,0.00096423
64,4194304,0.000955894
65,4194304,0.000947949
66,4194304,0.000953159
67,4194304,0.000959551
68,4194304,0.000956795
69,4194304,0.000950003
70,4194304,0.000947638
71,4194304,0.000956836
72,4194304,0.000957427
73,4194304,0.000949492
74,4194304,0.000951817
75,4194304,0.000954502
76,4194304,0.000981023
77,4194304,0.000959853
78,4194304,0.000957959
79,4194304,0.000958159
80,4194304,0.000954652
81,4194304,0.000966574
82,4194304,0.000991802
83,4194304,0.000983194
84,4194304,0.000982534
85,4194304,0.000982504
86,4194304,0.000961335
87,4194304,0.000979329
88,4194304,0.000956976
89,4194304,0.000953139
90,4194304,0.000958719
91,4194304,0.000946335
92,4194304,0.00094828
93,4194304,0.000958689
94,4194304,0.000959811
95,4194304,0.000953641
96,4194304,0.000949653
97,4194304,0.000950744
98,4194304,0.000946267
0,8388608,0.00390064
1,8388608,0.0020106
2,8388608,0.00198924
3,8388608,0.00202006
4,8388608,0.00205968
5,8388608,0.00205337
6,8388608,0.00205316
7,8388608,0.00212436
8,8388608,0.00201936
9,8388608,0.00198687
10,8388608,0.00198452
11,8388608,0.00198456
12,8388608,0.00202743
13,8388608,0.00193215
14,8388608,0.00203427
15,8388608,0.00201781
16,8388608,0.00199117
17,8388608,0.00197476
18,8388608,0.00201942
19,8388608,0.00197431
20,8388608,0.00197792
21,8388608,0.00200094
22,8388608,0.00197466
23,8388608,0.00200238
24,8388608,0.00201887
25,8388608,0.00200908
26,8388608,0.00201789
27,8388608,0.00201108
28,8388608,0.00203437
29,8388608,0.00203562
30,8388608,0.00203694
31,8388608,0.00203829
32,8388608,0.00203591
33,8388608,0.0020547
34,8388608,0.00205595
35,8388608,0.0019857
36,8388608,0.00198407
37,8388608,0.00204847
38,8388608,0.00202567
39,8388608,0.0019683
40,8388608,0.00197976
41,8388608,0.00199545
42,8388608,0.00201092
43,8388608,0.00200313
44,8388608,0.00203921
45,8388608,0.00198039
46,8388608,0.00203436
47,8388608,0.00201431
48,8388608,0.00201388
49,8388608,0.00203303
50,8388608,0.00203485
51,8388608,0.00200154
52,8388608,0.00200826
53,8388608,0.00197152
54,8388608,0.00195056
55,8388608,0.00197179
56,8388608,0.00195898
57,8388608,0.00195782
58,8388608,0.00197463
59,8388608,0.0019983
60,8388608,0.00197997
61,8388608,0.00201119
62,8388608,0.00203586
63,8388608,0.00201178
64,8388608,0.00200537
65,8388608,0.00202109
66,8388608,0.00201595
67,8388608,0.0020274
68,8388608,0.0020518
69,8388608,0.00202466
70,8388608,0.00202257
71,8388608,0.00203603
72,8388608,0.00209293
73,8388608,0.00211536
74,8388608,0.00210093
75,8388608,0.00214578
76,8388608,0.00209517
77,8388608,0.00202882
78,8388608,0.00201944
79,8388608,0.00200346
80,8388608,0.00200201
81,8388608,0.00197425
82,8388608,0.00199588
83,8388608,0.00194524
84,8388608,0.00193492
85,8388608,0.0019974
86,8388608,0.00198559
87,8388608,0.00199367
88,8388608,0.00197873
89,8388608,0.00197294
90,8388608,0.00196266
91,8388608,0.0019704
92,8388608,0.00194451
93,8388608,0.00195709
94,8388608,0.00198955
95,8388608,0.00196005
96,8388608,0.00200961
97,8388608,0.00199996
98,8388608,0.00202288
0,16777216,0.00744494
1,16777216,0.0047113
2,16777216,0.00461513
3,16777216,0.00460168
4,16777216,0.00460275
5,16777216,0.00459979
6,16777216,0.00495
7,16777216,0.00468143
8,16777216,0.00464284
9,16777216,0.00463212
10,16777216,0.00458112
11,16777216,0.00453747
12,16777216,0.00464899
13,16777216,0.00464164
14,16777216,0.00461446
15,16777216,0.00457998
16,16777216,0.004565
17,16777216,0.00459697
18,16777216,0.00457846
19,16777216,0.00456663
20,16777216,0.004573
21,16777216,0.00458666
22,16777216,0.00457544
23,16777216,0.00457069
24,16777216,0.00458302
25,16777216,0.00455702
26,16777216,0.00459617
27,16777216,0.00466407
28,16777216,0.00460005
29,16777216,0.00457698
30,16777216,0.0045749
31,16777216,0.00455984
32,16777216,0.00457285
33,16777216,0.0045697
34,16777216,0.00456721
35,16777216,0.0045539
36,16777216,0.00457641
37,16777216,0.00456672
38,16777216,0.00456124
39,16777216,0.00456024
40,16777216,0.00455964
41,16777216,0.00455466
42,16777216,0.00455336
43,16777216,0.00457734
44,16777216,0.00456978
45,16777216,0.00457318
46,16777216,0.00461765
47,16777216,0.0045815
48,16777216,0.00456441
49,16777216,0.0045495
50,16777216,0.00456604
51,16777216,0.00456655
52,16777216,0.00456955
53,16777216,0.00455507
54,16777216,0.00456291
55,16777216,0.00457544
56,16777216,0.00456551
57,16777216,0.00457606
58,16777216,0.00457329
59,16777216,0.00485841
60,16777216,0.00456477
61,16777216,0.00456385
62,16777216,0.00455738
63,16777216,0.00459476
64,16777216,0.00458448
65,16777216,0.00456563
66,16777216,0.00456331
67,16777216,0.00456226
68,16777216,0.00456593
69,16777216,0.00455013
70,16777216,0.0045635
71,16777216,0.00454764
72,16777216,0.00455982
73,16777216,0.00457135
74,16777216,0.00459151
75,16777216,0.00457775
76,16777216,0.00457271
77,16777216,0.00455635
78,16777216,0.00457308
79,16777216,0.00456227
80,16777216,0.00453726
81,16777216,0.00455282
82,16777216,0.00454806
83,16777216,0.00456977
84,16777216,0.00457125
85,16777216,0.00457176
86,16777216,0.00457009
87,16777216,0.00456959
88,16777216,0.0046053
89,16777216,0.00458331
90,16777216,0.0045602
91,16777216,0.00456738
92,16777216,0.00455656
93,16777216,0.00456967
94,16777216,0.00455336
95,16777216,0.00455049
96,16777216,0.00456014
97,16777216,0.0045732
98,16777216,0.00455313
