0,2,3.63784e-05
1,2,1.98279e-06
2,2,1.10175e-06
3,2,1.02259e-06
4,2,1.10175e-06
5,2,9.9279e-07
6,2,9.91859e-07
7,2,9.41567e-07
8,2,9.41567e-07
9,2,1.02166e-06
10,2,9.22009e-07
11,2,9.11765e-07
12,2,8.62405e-07
13,2,9.42498e-07
14,2,8.71718e-07
15,2,3.47644e-05
16,2,5.84126e-06
17,2,8.92207e-07
18,2,4.02797e-06
19,2,1.055e-05
20,2,1.27135e-05
21,2,1.30357e-05
22,2,7.40401e-07
23,2,2.32337e-05
24,2,2.01883e-05
25,2,1.13156e-06
26,2,1.03898e-05
27,2,9.94932e-06
28,2,7.12462e-07
29,2,7.3202e-07
30,2,5.23031e-06
31,2,6.57141e-06
32,2,2.45497e-06
33,2,4.80562e-07
34,2,7.3202e-07
35,2,7.41333e-07
36,2,7.92556e-07
37,2,6.4075e-07
38,2,8.5216e-07
39,2,7.72066e-07
40,2,7.51577e-07
41,2,8.41916e-07
42,2,7.90693e-07
43,2,7.72066e-07
44,2,7.50646e-07
45,2,2.54279e-05
46,2,1.78134e-05
47,2,1.58399e-05
48,2,4.74975e-06
49,2,8.83639e-06
50,2,7.21775e-07
51,2,7.61822e-07
52,2,2.35438e-06
53,2,9.93814e-06
54,2,1.097e-05
55,2,8.22637e-06
56,2,8.73581e-06
57,2,7.71135e-07
58,2,8.41916e-07
59,2,4.61005e-07
60,2,8.70787e-07
61,2,2.30502e-06
62,2,8.12113e-07
63,2,8.11182e-07
64,2,7.90693e-07
65,2,7.72066e-07
66,2,8.01869e-07
67,2,8.72649e-07
68,2,7.72066e-07
69,2,7.71135e-07
70,2,7.90693e-07
71,2,8.01869e-07
72,2,7.20844e-07
73,2,8.82894e-07
74,2,7.42264e-07
75,2,8.01869e-07
76,2,8.01869e-07
77,2,7.60891e-07
78,2,8.31671e-07
79,2,8.81031e-07
80,2,8.31671e-07
81,2,7.41333e-07
82,2,7.41333e-07
83,2,8.01869e-07
84,2,8.01869e-07
85,2,5.21541e-07
86,2,8.22358e-07
87,2,7.61822e-07
88,2,8.11182e-07
89,2,7.71135e-07
90,2,8.11182e-07
91,2,7.41333e-07
92,2,8.61473e-07
93,2,8.40984e-07
94,2,7.61822e-07
95,2,8.42847e-07
96,2,7.60891e-07
97,2,7.52509e-07
98,2,7.52509e-07
99,2,9.10833e-07
0,4,3.73311e-05
1,4,1.71363e-06
2,4,1.06171e-06
3,4,1.16136e-06
4,4,1.09244e-06
5,4,9.81614e-07
6,4,9.72301e-07
7,4,9.32254e-07
8,4,9.5088e-07
9,4,1.01235e-06
10,4,1.04122e-06
11,4,1.02166e-06
12,4,9.22009e-07
13,4,9.62056e-07
14,4,9.11765e-07
15,4,1.97273e-05
16,4,5.72111e-06
17,4,8.3074e-07
18,4,8.92207e-07
19,4,8.11182e-07
20,4,8.62405e-07
21,4,7.80448e-07
22,4,8.11182e-07
23,4,8.00937e-07
24,4,8.12113e-07
25,4,8.71718e-07
26,4,3.17581e-06
27,4,8.19657e-06
28,4,7.55489e-06
29,4,5.21075e-06
30,4,8.96771e-06
31,4,5.10924e-06
32,4,8.23475e-06
33,4,5.07943e-06
34,4,7.21402e-06
35,4,7.82311e-07
36,4,7.20844e-07
37,4,8.22358e-07
38,4,8.01869e-07
39,4,7.90693e-07
40,4,7.90693e-07
41,4,7.72066e-07
42,4,8.22358e-07
43,4,7.50646e-07
44,4,7.8138e-07
45,4,7.40401e-07
46,4,7.3202e-07
47,4,7.91624e-07
48,4,7.8138e-07
49,4,8.12113e-07
50,4,7.61822e-07
51,4,7.3202e-07
52,4,8.01869e-07
53,4,7.8138e-07
54,4,8.00937e-07
55,4,7.82311e-07
56,4,7.71135e-07
57,4,7.41333e-07
58,4,1.8185e-05
59,4,1.28746e-05
60,4,7.61822e-07
61,4,7.61822e-07
62,4,8.12113e-07
63,4,2.46428e-06
64,4,1.66334e-06
65,4,6.23241e-06
66,4,3.59677e-06
67,4,8.81031e-07
68,4,3.51574e-06
69,4,7.82311e-07
70,4,7.40401e-07
71,4,8.01869e-07
72,4,7.82311e-07
73,4,7.8138e-07
74,4,7.71135e-07
75,4,7.51577e-07
76,4,7.60891e-07
77,4,7.82311e-07
78,4,8.51229e-07
79,4,2.43448e-06
80,4,2.27429e-06
81,4,7.71135e-07
82,4,5.01052e-07
83,4,8.01869e-07
84,4,7.51577e-07
85,4,7.22706e-07
86,4,8.12113e-07
87,4,8.12113e-07
88,4,8.12113e-07
89,4,7.90693e-07
90,4,8.00937e-07
91,4,3.1665e-06
92,4,8.40984e-07
93,4,7.82311e-07
94,4,8.01869e-07
95,4,7.92556e-07
96,4,4.77862e-06
97,4,5.67175e-06
98,4,3.61633e-06
99,4,5.30947e-06
0,8,7.13849e-05
1,8,1.92411e-06
2,8,1.16136e-06
3,8,9.81614e-07
4,8,9.40636e-07
5,8,1.06264e-06
6,8,9.22009e-07
7,8,9.31323e-07
8,8,9.9279e-07
9,8,9.0152e-07
10,8,1.01235e-06
11,8,1.01235e-06
12,8,8.24593e-06
13,8,2.44472e-06
14,8,4.77955e-06
15,8,1.98875e-05
16,8,1.12308e-05
17,8,9.9279e-07
18,8,8.5216e-07
19,8,7.82311e-07
20,8,1.00285e-05
21,8,9.51812e-07
22,8,7.68434e-06
23,8,5.5898e-06
24,8,5.56093e-06
25,8,8.62405e-07
26,8,3.14601e-06
27,8,9.22009e-07
28,8,7.31088e-07
29,8,7.71135e-07
30,8,7.51577e-07
31,8,7.61822e-07
32,8,7.60891e-07
33,8,7.51577e-07
34,8,7.31088e-07
35,8,2.52482e-06
36,8,3.10596e-06
37,8,8.21427e-07
38,8,7.72066e-07
39,8,7.8138e-07
40,8,7.41333e-07
41,8,7.61822e-07
42,8,7.60891e-07
43,8,7.60891e-07
44,8,7.31088e-07
45,8,8.21427e-07
46,8,8.00937e-07
47,8,7.72066e-07
48,8,7.62753e-07
49,8,7.41333e-07
50,8,7.80448e-07
51,8,7.62753e-07
52,8,7.51577e-07
53,8,1.21836e-05
54,8,7.60891e-07
55,8,8.01869e-07
56,8,7.92556e-07
57,8,7.72066e-07
58,8,8.11182e-07
59,8,7.71135e-07
60,8,7.91624e-07
61,8,7.92556e-07
62,8,7.8138e-07
63,8,7.70204e-07
64,8,7.91624e-07
65,8,8.81962e-07
66,8,9.1875e-06
67,8,1.40164e-06
68,8,2.24449e-06
69,8,7.60891e-07
70,8,2.21469e-06
71,8,3.77744e-06
72,8,9.55816e-06
73,8,4.74881e-06
74,8,4.70318e-07
75,8,5.01052e-07
76,8,4.61005e-07
77,8,2.29385e-06
78,8,4.80562e-07
79,8,7.52509e-07
80,8,8.81962e-07
81,8,7.80448e-07
82,8,8.801e-07
83,8,8.62405e-07
84,8,7.50646e-07
85,8,8.21427e-07
86,8,8.12113e-07
87,8,7.71135e-07
88,8,7.8138e-07
89,8,7.42264e-07
90,8,7.50646e-07
91,8,7.61822e-07
92,8,7.41333e-07
93,8,1.2083e-05
94,8,7.72066e-07
95,8,3.9367e-06
96,8,7.60891e-07
97,8,9.32254e-07
98,8,8.12113e-07
99,8,9.21078e-07
0,16,3.86434e-05
1,16,2.01445e-06
2,16,1.18185e-06
3,16,1.13156e-06
4,16,1.10175e-06
5,16,1.05146e-06
6,16,1.01142e-06
7,16,1.06171e-06
8,16,1.0021e-06
9,16,9.42498e-07
10,16,9.90927e-07
11,16,1.05146e-06
12,16,9.81614e-07
13,16,1.0021e-06
14,16,1.0021e-06
15,16,1.9718e-05
16,16,1.64006e-05
17,16,7.45431e-06
18,16,3.3062e-06
19,16,5.51343e-07
20,16,7.72066e-07
21,16,2.72505e-06
22,16,9.21078e-07
23,16,8.31671e-07
24,16,8.70787e-07
25,16,8.51229e-07
26,16,8.5216e-07
27,16,8.81962e-07
28,16,8.91276e-07
29,16,8.41916e-07
30,16,8.41916e-07
31,16,8.41916e-07
32,16,4.90807e-07
33,16,8.81962e-07
34,16,5.60656e-07
35,16,9.12696e-07
36,16,8.60542e-07
37,16,8.3074e-07
38,16,8.00937e-07
39,16,8.31671e-07
40,16,8.22358e-07
41,16,8.5216e-07
42,16,7.91624e-07
43,16,1.04094e-05
44,16,2.5278e-05
45,16,8.21427e-07
46,16,7.17305e-06
47,16,2.26134e-05
48,16,2.03494e-05
49,16,2.05375e-05
50,16,4.99003e-06
51,16,2.10386e-06
52,16,8.92207e-07
53,16,4.14811e-06
54,16,8.6464e-06
55,16,4.3679e-06
56,16,2.23424e-06
57,16,1.8755e-05
58,16,1.42371e-05
59,16,2.66302e-05
60,16,4.81494e-07
61,16,7.51577e-07
62,16,8.51229e-07
63,16,8.11182e-07
64,16,8.31671e-07
65,16,7.51577e-07
66,16,7.71135e-07
67,16,7.41333e-07
68,16,8.81962e-07
69,16,8.21427e-07
70,16,8.10251e-07
71,16,8.00937e-07
72,16,8.11182e-07
73,16,7.3947e-06
74,16,5.49015e-06
75,16,5.90086e-06
76,16,5.97164e-06
77,16,9.39798e-06
78,16,7.27456e-06
79,16,7.42357e-06
80,16,1.93343e-06
81,16,7.72066e-07
82,16,7.82311e-07
83,16,8.41916e-07
84,16,1.49878e-05
85,16,3.1665e-06
86,16,7.51577e-07
87,16,8.31578e-06
88,16,1.38162e-05
89,16,2.22931e-05
90,16,8.81962e-07
91,16,1.34362e-05
92,16,5.89062e-06
93,16,1.17617e-05
94,16,5.13997e-06
95,16,7.13393e-06
96,16,5.80214e-07
97,16,8.11182e-07
98,16,7.31088e-07
99,16,7.50646e-07
0,32,3.93642e-05
1,32,1.66334e-06
2,32,1.07195e-06
3,32,9.21078e-07
4,32,9.12696e-07
5,32,8.5216e-07
6,32,9.51812e-07
7,32,8.91276e-07
8,32,8.40984e-07
9,32,9.31323e-07
10,32,1.0021e-06
11,32,9.41567e-07
12,32,1.45286e-06
13,32,1.14273e-06
14,32,9.11765e-07
15,32,2.56486e-05
16,32,8.29622e-06
17,32,2.2836e-06
18,32,5.30016e-06
19,32,5.28991e-06
20,32,5.74067e-06
21,32,1.34753e-05
22,32,6.07222e-06
23,32,3.58745e-06
24,32,5.5097e-06
25,32,7.70483e-06
26,32,7.60891e-07
27,32,7.3202e-07
28,32,5.73136e-06
29,32,1.07e-05
30,32,7.60891e-07
31,32,7.91624e-07
32,32,7.61822e-07
33,32,7.31088e-07
34,32,7.82311e-07
35,32,3.87803e-06
36,32,1.47242e-06
37,32,7.20844e-07
38,32,7.60891e-07
39,32,7.31088e-07
40,32,7.8138e-07
41,32,7.31088e-07
42,32,7.21775e-07
43,32,2.48468e-05
44,32,1.50492e-05
45,32,1.44672e-05
46,32,7.8138e-07
47,32,3.3658e-06
48,32,7.8138e-07
49,32,4.48804e-06
50,32,1.03498e-05
51,32,5.85057e-06
52,32,7.80448e-07
53,32,2.1439e-06
54,32,2.27336e-05
55,32,7.42264e-07
56,32,7.60891e-07
57,32,1.41067e-05
58,32,1.73626e-05
59,32,7.20844e-07
60,32,7.50646e-07
61,32,7.60891e-07
62,32,9.62056e-07
63,32,7.8138e-07
64,32,7.80448e-07
65,32,7.3202e-07
66,32,7.41333e-07
67,32,7.51577e-07
68,32,2.62447e-06
69,32,8.5216e-07
70,32,1.83377e-06
71,32,5.86081e-06
72,32,8.00937e-07
73,32,3.13576e-06
74,32,7.41333e-07
75,32,7.40401e-07
76,32,7.51577e-07
77,32,7.71135e-07
78,32,7.71135e-07
79,32,1.02166e-06
80,32,7.91624e-07
81,32,8.5216e-07
82,32,7.71135e-07
83,32,7.82311e-07
84,32,7.92556e-07
85,32,7.41333e-07
86,32,8.12113e-07
87,32,7.80448e-07
88,32,4.34835e-06
89,32,3.10596e-06
90,32,7.49435e-06
91,32,4.61936e-06
92,32,2.37487e-06
93,32,5.84126e-06
94,32,7.91624e-07
95,32,7.01286e-07
96,32,1.11107e-05
97,32,7.92556e-07
98,32,4.34835e-06
99,32,1.98372e-06
0,64,4.02462e-05
1,64,1.90362e-06
2,64,1.11805e-05
3,64,1.04215e-06
4,64,1.01235e-06
5,64,1.07195e-06
6,64,5.41098e-06
7,64,1.00117e-06
8,64,4.86895e-06
9,64,5.05988e-06
10,64,8.06432e-06
11,64,9.66806e-06
12,64,7.91531e-06
13,64,4.65848e-06
14,64,6.95325e-06
15,64,1.97468e-05
16,64,1.34762e-05
17,64,6.91228e-06
18,64,1.07801e-05
19,64,5.17908e-06
20,64,9.64757e-06
21,64,5.51064e-06
22,64,5.91017e-06
23,64,7.91624e-07
24,64,5.56e-06
25,64,6.24172e-06
26,64,3.98699e-06
27,64,7.1032e-06
28,64,4.6296e-06
29,64,4.51878e-06
30,64,9.22009e-07
31,64,6.22123e-06
32,64,2.45403e-06
33,64,4.64916e-06
34,64,7.49435e-06
35,64,2.06381e-06
36,64,4.92018e-06
37,64,4.94067e-06
38,64,7.77375e-06
39,64,8.11182e-07
40,64,9.54792e-06
41,64,5.46034e-06
42,64,8.32509e-06
43,64,6.64219e-06
44,64,4.21796e-06
45,64,7.41426e-06
46,64,7.90507e-06
47,64,1.08294e-05
48,64,5.09992e-06
49,64,2.58535e-06
50,64,5.0487e-06
51,64,7.91624e-07
52,64,9.42778e-06
53,64,1.04504e-05
54,64,5.30016e-06
55,64,8.22358e-07
56,64,9.30391e-07
57,64,5.12972e-06
58,64,5.9111e-06
59,64,8.00565e-06
60,64,8.91276e-07
61,64,5.4203e-06
62,64,7.55396e-06
63,64,8.31671e-07
64,64,8.81962e-07
65,64,7.02403e-06
66,64,6.33113e-06
67,64,5.9111e-06
68,64,6.84336e-06
69,64,9.57772e-06
70,64,5.86081e-06
71,64,8.12113e-07
72,64,7.86502e-06
73,64,7.61822e-07
74,64,4.63892e-06
75,64,7.41333e-07
76,64,9.12696e-07
77,64,8.5216e-07
78,64,8.61473e-07
79,64,8.12113e-07
80,64,9.0152e-07
81,64,8.62405e-07
82,64,8.62405e-07
83,64,7.92556e-07
84,64,8.40984e-07
85,64,9.00589e-07
86,64,9.32254e-07
87,64,7.90693e-07
88,64,8.41916e-07
89,64,7.72066e-07
90,64,8.81962e-07
91,64,8.21427e-07
92,64,8.52533e-06
93,64,4.94067e-06
94,64,7.09388e-06
95,64,4.86989e-06
96,64,1.18185e-06
97,64,1.93436e-06
98,64,1.94274e-06
99,64,1.96323e-06
0,128,4.1429e-05
1,128,2.05357e-06
2,128,4.49829e-06
3,128,3.36766e-06
4,128,1.01142e-06
5,128,1.03284e-06
6,128,1.10269e-06
7,128,9.72301e-07
8,128,9.90927e-07
9,128,1.07195e-06
10,128,1.06171e-06
11,128,9.51812e-07
12,128,9.5088e-07
13,128,1.00117e-06
14,128,1.05239e-06
15,128,1.98372e-05
16,128,6.1309e-06
17,128,9.72301e-07
18,128,1.21631e-05
19,128,1.29174e-06
20,128,8.41916e-07
21,128,8.40984e-07
22,128,7.0231e-06
23,128,8.74605e-06
24,128,6.94394e-06
25,128,9.12696e-07
26,128,8.71718e-07
27,128,5.67082e-06
28,128,5.3402e-06
29,128,6.81356e-06
30,128,4.89969e-06
31,128,8.62405e-07
32,128,8.51229e-07
33,128,4.10806e-06
34,128,9.33744e-06
35,128,7.27363e-06
36,128,6.4522e-06
37,128,9.72301e-07
38,128,5.41005e-06
39,128,7.83522e-06
40,128,5.31971e-06
41,128,7.29412e-06
42,128,4.81866e-06
43,128,9.41567e-07
44,128,5.51064e-06
45,128,6.03218e-06
46,128,1.01784e-05
47,128,5.16977e-06
48,128,9.71369e-07
49,128,8.81031e-07
50,128,8.61473e-07
51,128,8.22358e-07
52,128,8.71718e-07
53,128,8.81962e-07
54,128,9.11765e-07
55,128,8.10251e-07
56,128,9.11765e-07
57,128,8.60542e-07
58,128,8.51229e-07
59,128,8.81962e-07
60,128,9.11765e-07
61,128,8.61473e-07
62,128,9.0152e-07
63,128,5.94184e-06
64,128,5.19957e-06
65,128,6.021e-06
66,128,9.81614e-07
67,128,8.5216e-07
68,128,8.92207e-07
69,128,8.32602e-07
70,128,8.22358e-07
71,128,9.11765e-07
72,128,8.71718e-07
73,128,9.11765e-07
74,128,8.31671e-07
75,128,9.11765e-07
76,128,8.51229e-07
77,128,9.0152e-07
78,128,8.41916e-07
79,128,8.12113e-07
80,128,8.71718e-07
81,128,8.62405e-07
82,128,9.81614e-07
83,128,5.41098e-07
84,128,8.10251e-07
85,128,8.71718e-07
86,128,8.61473e-07
87,128,9.22009e-07
88,128,8.01869e-07
89,128,8.62405e-07
90,128,9.32254e-07
91,128,9.51812e-07
92,128,8.60542e-07
93,128,9.02452e-07
94,128,8.92207e-07
95,128,8.41916e-07
96,128,8.71718e-07
97,128,8.01869e-07
98,128,8.81962e-07
99,128,8.31671e-07
0,256,4.69992e-05
1,256,2.0545e-06
2,256,1.31223e-06
3,256,1.15205e-06
4,256,1.12224e-06
5,256,1.07195e-06
6,256,6.20261e-07
7,256,5.03007e-06
8,256,4.97978e-06
9,256,5.3905e-06
10,256,6.94394e-06
11,256,5.57955e-06
12,256,5.60097e-06
13,256,1.06171e-06
14,256,1.06264e-06
15,256,2.04276e-05
16,256,8.87644e-06
17,256,6.69155e-06
18,256,8.42568e-06
19,256,6.76233e-06
20,256,5.23962e-06
21,256,6.78282e-06
22,256,3.54648e-06
23,256,1.0021e-06
24,256,9.10833e-07
25,256,9.11765e-07
26,256,8.81962e-07
27,256,8.92207e-07
28,256,9.02452e-07
29,256,9.31323e-07
30,256,1.12224e-06
31,256,1.06171e-06
32,256,9.16701e-06
33,256,9.10833e-07
34,256,9.02452e-07
35,256,4.6175e-06
36,256,5.76116e-06
37,256,9.72301e-07
38,256,9.62056e-07
39,256,9.12696e-07
40,256,9.11765e-07
41,256,8.73674e-06
42,256,9.05804e-06
43,256,3.17581e-06
44,256,6.5621e-06
45,256,3.48687e-06
46,256,9.68762e-06
47,256,8.5216e-07
48,256,8.50577e-06
49,256,7.71508e-06
50,256,4.62867e-06
51,256,7.55396e-06
52,256,7.03335e-06
53,256,4.47873e-06
54,256,4.50946e-06
55,256,7.17398e-06
56,256,7.86409e-06
57,256,6.9337e-06
58,256,7.53347e-06
59,256,9.10833e-07
60,256,6.03218e-06
61,256,8.57562e-06
62,256,9.0152e-07
63,256,5.05988e-06
64,256,8.22358e-07
65,256,5.23962e-06
66,256,4.86989e-06
67,256,5.78072e-06
68,256,9.22009e-07
69,256,5.05988e-06
70,256,4.57745e-06
71,256,7.81473e-06
72,256,5.68945e-06
73,256,9.98843e-06
74,256,8.40984e-07
75,256,9.91859e-07
76,256,9.02452e-07
77,256,9.91859e-07
78,256,8.92207e-07
79,256,9.5088e-07
80,256,9.22009e-07
81,256,8.61473e-07
82,256,9.22009e-07
83,256,9.81614e-07
84,256,9.0152e-07
85,256,9.62056e-07
86,256,9.61125e-07
87,256,9.91859e-07
88,256,9.22009e-07
89,256,9.21078e-07
90,256,9.41567e-07
91,256,7.594e-06
92,256,5.39981e-06
93,256,9.09716e-06
94,256,6.04242e-06
95,256,5.50039e-06
96,256,8.91276e-07
97,256,1.02799e-05
98,256,4.46942e-06
99,256,5.40074e-06
0,512,5.09163e-05
1,512,1.24741e-05
2,512,2.91504e-06
3,512,2.89455e-06
4,512,3.0864e-06
5,512,2.9048e-06
6,512,2.63471e-06
7,512,2.87499e-06
8,512,2.92435e-06
9,512,2.90666e-06
10,512,2.9346e-06
11,512,3.11621e-06
12,512,2.94577e-06
13,512,2.92622e-06
14,512,2.96626e-06
15,512,1.96667e-05
16,512,9.01707e-06
17,512,2.32365e-06
18,512,2.31527e-06
19,512,2.49315e-06
20,512,2.26405e-06
21,512,2.26405e-06
22,512,2.2538e-06
23,512,2.685e-06
24,512,2.29385e-06
25,512,2.29385e-06
26,512,2.24542e-06
27,512,2.45497e-06
28,512,2.2836e-06
29,512,2.26405e-06
30,512,2.41399e-06
31,512,2.3637e-06
32,512,2.29385e-06
33,512,2.29385e-06
34,512,2.29478e-06
35,512,2.49501e-06
36,512,2.30409e-06
37,512,4.73857e-06
38,512,2.28453e-06
39,512,2.30409e-06
40,512,2.27429e-06
41,512,2.29385e-06
42,512,2.2836e-06
43,512,2.48477e-06
44,512,2.37394e-06
45,512,2.32458e-06
46,512,2.29478e-06
47,512,2.27429e-06
48,512,2.28453e-06
49,512,2.27522e-06
50,512,2.24356e-06
51,512,2.65427e-06
52,512,2.3637e-06
53,512,2.28547e-06
54,512,2.26405e-06
55,512,2.29478e-06
56,512,2.32365e-06
57,512,2.29478e-06
58,512,2.44472e-06
59,512,2.48477e-06
60,512,2.29478e-06
61,512,2.2836e-06
62,512,2.29478e-06
63,512,2.29478e-06
64,512,2.25473e-06
65,512,2.39443e-06
66,512,2.31434e-06
67,512,2.47359e-06
68,512,2.30502e-06
69,512,2.26405e-06
70,512,2.28453e-06
71,512,2.30409e-06
72,512,2.39536e-06
73,512,2.30409e-06
74,512,2.28453e-06
75,512,2.48477e-06
76,512,2.26405e-06
77,512,2.30502e-06
78,512,2.29478e-06
79,512,2.41399e-06
80,512,2.34414e-06
81,512,2.30409e-06
82,512,2.27429e-06
83,512,2.47452e-06
84,512,2.2836e-06
85,512,2.29478e-06
86,512,2.4233e-06
87,512,2.29385e-06
88,512,2.2836e-06
89,512,2.34414e-06
90,512,2.30502e-06
91,512,2.46428e-06
92,512,2.29385e-06
93,512,2.44472e-06
94,512,2.37394e-06
95,512,2.30409e-06
96,512,2.27429e-06
97,512,4.74881e-06
98,512,2.30502e-06
99,512,2.45403e-06
0,1024,4.86812e-05
1,1024,2.37487e-06
2,1024,1.34204e-06
3,1024,1.18185e-06
4,1024,1.18185e-06
5,1024,1.29361e-06
6,1024,1.2517e-06
7,1024,1.12224e-06
8,1024,1.13249e-06
9,1024,1.12318e-06
10,1024,1.17254e-06
11,1024,1.16229e-06
12,1024,1.13156e-06
13,1024,1.20234e-06
14,1024,1.21258e-06
15,1024,1.97776e-05
16,1024,6.03124e-06
17,1024,1.29268e-06
18,1024,1.48881e-05
19,1024,9.05711e-06
20,1024,9.0152e-07
21,1024,1.16229e-06
22,1024,1.17347e-06
23,1024,1.18185e-06
24,1024,9.97912e-06
25,1024,1.10706e-05
26,1024,1.37966e-05
27,1024,9.68948e-06
28,1024,1.17254e-06
29,1024,8.36607e-06
30,1024,9.46783e-06
31,1024,9.8478e-06
32,1024,1.15205e-06
33,1024,1.1716e-06
34,1024,1.21258e-06
35,1024,8.98726e-06
36,1024,1.15205e-06
37,1024,8.59611e-06
38,1024,1.17254e-06
39,1024,1.19209e-06
40,1024,7.31274e-06
41,1024,8.39587e-06
42,1024,8.27666e-06
43,1024,1.19302e-06
44,1024,7.5642e-06
45,1024,1.15205e-06
46,1024,9.81614e-07
47,1024,1.14273e-06
48,1024,1.1418e-06
49,1024,1.1716e-06
50,1024,1.23307e-06
51,1024,1.19209e-06
52,1024,8.37538e-06
53,1024,9.23686e-06
54,1024,8.37538e-06
55,1024,1.12103e-05
56,1024,1.20522e-05
57,1024,1.18623e-05
58,1024,9.16701e-06
59,1024,1.16229e-06
60,1024,1.1418e-06
61,1024,9.30764e-06
62,1024,8.44616e-06
63,1024,8.82708e-06
64,1024,8.21427e-06
65,1024,1.26194e-06
66,1024,1.04001e-05
67,1024,1.19302e-06
68,1024,1.21165e-06
69,1024,1.17254e-06
70,1024,1.1716e-06
71,1024,1.19209e-06
72,1024,1.18185e-06
73,1024,1.20234e-06
74,1024,1.21258e-06
75,1024,3.18699e-06
76,1024,9.02452e-07
77,1024,7.30436e-06
78,1024,8.14628e-06
79,1024,1.15121e-05
80,1024,1.06171e-06
81,1024,1.2219e-06
82,1024,1.19209e-06
83,1024,1.13156e-06
84,1024,3.21586e-06
85,1024,2.06195e-05
86,1024,2.0449e-05
87,1024,1.88556e-05
88,1024,9.29832e-06
89,1024,1.52793e-05
90,1024,2.17613e-05
91,1024,1.98269e-05
92,1024,1.13156e-06
93,1024,1.7683e-05
94,1024,1.10175e-06
95,1024,1.19209e-06
96,1024,2.28332e-05
97,1024,4.56907e-06
98,1024,1.87652e-05
99,1024,1.69221e-05
0,2048,4.70094e-05
1,2048,2.70549e-06
2,2048,1.58902e-05
3,2048,3.27639e-06
4,2048,3.09478e-06
5,2048,2.88617e-06
6,2048,3.09572e-06
7,2048,2.685e-06
8,2048,3.10503e-06
9,2048,2.64496e-06
10,2048,3.24566e-06
11,2048,2.70456e-06
12,2048,3.10596e-06
13,2048,2.71574e-06
14,2048,3.07616e-06
15,2048,1.96677e-05
16,2048,9.44734e-06
17,2048,2.80421e-06
18,2048,3.12645e-06
19,2048,2.80421e-06
20,2048,3.09572e-06
21,2048,2.97464e-06
22,2048,3.12645e-06
23,2048,2.81446e-06
24,2048,3.09665e-06
25,2048,2.78559e-06
26,2048,4.74881e-06
27,2048,3.08547e-06
28,2048,2.7949e-06
29,2048,2.78465e-06
30,2048,3.06591e-06
31,2048,2.98489e-06
32,2048,2.81446e-06
33,2048,3.07523e-06
34,2048,2.77534e-06
35,2048,3.04542e-06
36,2048,2.96626e-06
37,2048,3.07616e-06
38,2048,2.78559e-06
39,2048,3.06591e-06
40,2048,2.7949e-06
41,2048,3.23541e-06
42,2048,2.78559e-06
43,2048,3.02587e-06
44,2048,2.77441e-06
45,2048,3.07616e-06
46,2048,2.96533e-06
47,2048,3.04636e-06
48,2048,2.80514e-06
49,2048,2.79583e-06
50,2048,3.0864e-06
51,2048,2.95509e-06
52,2048,3.12459e-06
53,2048,2.74461e-06
54,2048,3.10596e-06
55,2048,2.80607e-06
56,2048,5.43054e-06
57,2048,2.99606e-06
58,2048,3.08547e-06
59,2048,2.78559e-06
60,2048,3.08547e-06
61,2048,2.8247e-06
62,2048,3.30526e-06
63,2048,2.78465e-06
64,2048,3.10596e-06
65,2048,2.7949e-06
66,2048,2.80514e-06
67,2048,3.24566e-06
68,2048,2.80514e-06
69,2048,3.11621e-06
70,2048,2.79583e-06
71,2048,3.12645e-06
72,2048,2.97464e-06
73,2048,3.08547e-06
74,2048,2.7949e-06
75,2048,3.07616e-06
76,2048,2.7949e-06
77,2048,3.09572e-06
78,2048,3.00631e-06
79,2048,3.06591e-06
80,2048,2.80607e-06
81,2048,3.04636e-06
82,2048,2.8247e-06
83,2048,3.31644e-06
84,2048,2.7949e-06
85,2048,3.12552e-06
86,2048,2.81539e-06
87,2048,3.04542e-06
88,2048,2.97558e-06
89,2048,3.08454e-06
90,2048,2.80607e-06
91,2048,3.0864e-06
92,2048,2.81539e-06
93,2048,2.99606e-06
94,2048,3.07616e-06
95,2048,2.78465e-06
96,2048,3.08547e-06
97,2048,2.79583e-06
98,2048,2.98582e-06
99,2048,3.07616e-06
0,4096,7.84183e-05
1,4096,8.40612e-06
2,4096,4.67896e-06
3,4096,3.82774e-06
4,4096,3.71691e-06
5,4096,1.77035e-05
6,4096,2.97753e-05
7,4096,2.47872e-05
8,4096,2.50172e-05
9,4096,2.57585e-05
10,4096,3.30713e-06
11,4096,3.6573e-06
12,4096,4.13787e-06
13,4096,5.50039e-06
14,4096,4.18816e-06
15,4096,4.02704e-06
16,4096,3.91714e-06
17,4096,3.83705e-06
18,4096,3.797e-06
19,4096,4.11738e-06
20,4096,3.97768e-06
21,4096,3.86685e-06
22,4096,3.80725e-06
23,4096,3.55672e-06
24,4096,3.69735e-06
25,4096,4.07733e-06
26,4096,3.84822e-06
27,4096,3.72715e-06
28,4096,3.62564e-06
29,4096,3.8771e-06
30,4096,3.66569e-06
31,4096,4.00655e-06
32,4096,3.67686e-06
33,4096,7.9954e-06
34,4096,6.76326e-06
35,4096,3.97768e-06
36,4096,7.5344e-06
37,4096,1.38357e-05
38,4096,3.95626e-06
39,4096,1.39158e-05
40,4096,4.23752e-06
41,4096,9.12789e-06
42,4096,3.85754e-06
43,4096,4.52902e-06
44,4096,6.07129e-06
45,4096,3.9069e-06
46,4096,9.37842e-06
47,4096,3.73647e-06
48,4096,8.53557e-06
49,4096,4.68921e-06
50,4096,3.73647e-06
51,4096,9.23686e-06
52,4096,4.48804e-06
53,4096,9.10647e-06
54,4096,4.14811e-06
55,4096,8.42661e-06
56,4096,8.52626e-06
57,4096,3.84822e-06
58,4096,8.09599e-06
59,4096,3.7672e-06
60,4096,3.81656e-06
61,4096,7.01472e-06
62,4096,6.86385e-06
63,4096,7.91531e-06
64,4096,6.90296e-06
65,4096,5.53112e-06
66,4096,4.95929e-06
67,4096,6.94301e-06
68,4096,5.26942e-06
69,4096,7.11344e-06
70,4096,5.38956e-06
71,4096,1.01384e-05
72,4096,8.42568e-06
73,4096,9.21637e-06
74,4096,6.5919e-06
75,4096,4.94998e-06
76,4096,7.08271e-06
77,4096,7.44406e-06
78,4096,6.77258e-06
79,4096,1.3575e-05
80,4096,4.02704e-06
81,4096,3.89665e-06
82,4096,7.63498e-06
83,4096,6.77258e-06
84,4096,1.3045e-05
85,4096,3.78676e-06
86,4096,1.13416e-05
87,4096,7.35465e-06
88,4096,1.04997e-05
89,4096,3.84636e-06
90,4096,8.0755e-06
91,4096,3.69642e-06
92,4096,7.84546e-06
93,4096,4.96861e-06
94,4096,6.90296e-06
95,4096,8.10437e-06
96,4096,8.1053e-06
97,4096,9.45758e-06
98,4096,7.29319e-06
99,4096,3.95719e-06
0,8192,7.36695e-05
1,8192,7.02217e-06
2,8192,5.27967e-06
3,8192,4.74975e-06
4,8192,8.68551e-06
5,8192,5.87106e-06
6,8192,1.49775e-05
7,8192,2.3745e-05
8,8192,8.49552e-06
9,8192,5.13904e-06
10,8192,4.38746e-06
11,8192,4.7395e-06
12,8192,4.38746e-06
13,8192,6.11134e-06
14,8192,1.09402e-05
15,8192,1.15912e-05
16,8192,1.01095e-05
17,8192,6.15232e-06
18,8192,5.35045e-06
19,8192,1.01291e-05
20,8192,1.50884e-05
21,8192,5.00865e-06
22,8192,7.60425e-06
23,8192,7.48411e-06
24,8192,7.63405e-06
25,8192,7.63498e-06
26,8192,7.48318e-06
27,8192,7.40401e-06
28,8192,7.51391e-06
29,8192,7.5642e-06
30,8192,7.62474e-06
31,8192,7.66478e-06
32,8192,7.42357e-06
33,8192,7.133e-06
34,8192,7.12369e-06
35,8192,7.5344e-06
36,8192,7.93487e-06
37,8192,7.49342e-06
38,8192,7.62474e-06
39,8192,7.55489e-06
40,8192,7.52416e-06
41,8192,7.58376e-06
42,8192,7.48411e-06
43,8192,7.08271e-06
44,8192,7.41426e-06
45,8192,6.99237e-06
46,8192,7.29412e-06
47,8192,8.18539e-06
48,8192,7.41426e-06
49,8192,7.89482e-06
50,8192,7.63498e-06
51,8192,7.1926e-06
52,8192,1.25533e-05
53,8192,6.90296e-06
54,8192,7.0231e-06
55,8192,7.15349e-06
56,8192,7.40401e-06
57,8192,7.47573e-06
58,8192,7.133e-06
59,8192,7.45524e-06
60,8192,7.30436e-06
61,8192,6.90389e-06
62,8192,2.15005e-05
63,8192,7.45337e-06
64,8192,7.49435e-06
65,8192,7.45431e-06
66,8192,7.64336e-06
67,8192,7.22334e-06
68,8192,7.30343e-06
69,8192,6.84336e-06
70,8192,7.50367e-06
71,8192,7.48411e-06
72,8192,8.02521e-06
73,8192,7.78399e-06
74,8192,7.48411e-06
75,8192,7.40401e-06
76,8192,7.12276e-06
77,8192,7.12369e-06
78,8192,7.08271e-06
79,8192,6.91321e-06
80,8192,7.64523e-06
81,8192,7.25314e-06
82,8192,7.26432e-06
83,8192,7.77468e-06
84,8192,7.12369e-06
85,8192,7.40401e-06
86,8192,7.38446e-06
87,8192,7.38446e-06
88,8192,7.65361e-06
89,8192,7.39377e-06
90,8192,7.05384e-06
91,8192,7.46362e-06
92,8192,7.04359e-06
93,8192,9.36724e-06
94,8192,8.16584e-06
95,8192,6.89458e-06
96,8192,7.41333e-06
97,8192,7.51484e-06
98,8192,7.50553e-06
99,8192,7.51484e-06
0,16384,7.95601e-05
1,16384,9.40822e-06
2,16384,1.36457e-05
3,16384,6.29202e-06
4,16384,6.03031e-06
5,16384,5.78165e-06
6,16384,6.06198e-06
7,16384,3.30117e-05
8,16384,1.02296e-05
9,16384,2.40961e-05
10,16384,5.23962e-06
11,16384,1.24844e-05
12,16384,1.26939e-05
13,16384,1.40667e-05
14,16384,1.26939e-05
15,16384,1.33049e-05
16,16384,1.35144e-05
17,16384,5.81052e-06
18,16384,6.37211e-06
19,16384,5.9111e-06
20,16384,5.78072e-06
21,16384,5.90179e-06
22,16384,6.09178e-06
23,16384,5.68107e-06
24,16384,6.1309e-06
25,16384,5.81145e-06
26,16384,3.76012e-05
27,16384,1.23437e-05
28,16384,5.83101e-06
29,16384,5.72111e-06
30,16384,5.67082e-06
31,16384,6.12158e-06
32,16384,6.00144e-06
33,16384,6.26221e-06
34,16384,3.24706e-05
35,16384,2.06986e-05
36,16384,5.86081e-06
37,16384,7.43382e-06
38,16384,5.98095e-06
39,16384,1.14627e-05
40,16384,6.27246e-06
41,16384,5.95115e-06
42,16384,6.11134e-06
43,16384,1.34353e-05
44,16384,9.24803e-06
45,16384,1.64909e-05
46,16384,1.32648e-05
47,16384,9.93814e-06
48,16384,5.75092e-06
49,16384,5.74067e-06
50,16384,5.88037e-06
51,16384,6.24172e-06
52,16384,5.94184e-06
53,16384,6.07129e-06
54,16384,5.81052e-06
55,16384,5.69038e-06
56,16384,5.82077e-06
57,16384,6.1607e-06
58,16384,5.92135e-06
59,16384,6.11041e-06
60,16384,5.76116e-06
61,16384,5.90179e-06
62,16384,6.05173e-06
63,16384,6.01262e-06
64,16384,5.93066e-06
65,16384,5.79096e-06
66,16384,6.47176e-06
67,16384,5.87106e-06
68,16384,6.07129e-06
69,16384,5.78165e-06
70,16384,2.34041e-05
71,16384,9.98843e-06
72,16384,1.611e-05
73,16384,9.7286e-06
74,16384,7.17398e-06
75,16384,5.69038e-06
76,16384,6.05173e-06
77,16384,5.94091e-06
78,16384,2.16207e-05
79,16384,8.96677e-06
80,16384,6.80331e-06
81,16384,8.18539e-06
82,16384,6.55185e-06
83,16384,1.13407e-05
84,16384,8.82708e-06
85,16384,8.41636e-06
86,16384,1.02995e-05
87,16384,5.8515e-06
88,16384,9.19774e-06
89,16384,6.52205e-06
90,16384,5.9111e-06
91,16384,5.9614e-06
92,16384,5.9111e-06
93,16384,6.27153e-06
94,16384,6.51181e-06
95,16384,6.06012e-06
96,16384,6.39167e-06
97,16384,6.37211e-06
98,16384,5.99213e-06
99,16384,6.10109e-06
0,32768,0.000161455
1,32768,1.20234e-05
2,32768,1.89161e-05
3,32768,9.76864e-06
4,32768,8.81683e-06
5,32768,8.77678e-06
6,32768,8.80659e-06
7,32768,2.84547e-05
8,32768,1.34045e-05
9,32768,1.8796e-05
10,32768,1.3385e-05
11,32768,1.70432e-05
12,32768,8.75723e-06
13,32768,1.46469e-05
14,32768,1.93166e-05
15,32768,1.14208e-05
16,32768,1.41468e-05
17,32768,1.7493e-05
18,32768,1.42669e-05
19,32768,8.40612e-06
20,32768,8.45548e-06
21,32768,1.87848e-05
22,32768,1.75433e-05
23,32768,1.82157e-05
24,32768,1.70218e-05
25,32768,1.91061e-05
26,32768,1.73626e-05
27,32768,8.62591e-06
28,32768,1.7954e-05
29,32768,1.4117e-05
30,32768,1.59917e-05
31,32768,1.64611e-05
32,32768,1.36057e-05
33,32768,1.71829e-05
34,32768,1.46283e-05
35,32768,1.69519e-05
36,32768,1.74334e-05
37,32768,1.93473e-05
38,32768,8.60635e-06
39,32768,1.59498e-05
40,32768,1.62404e-05
41,32768,1.49682e-05
42,32768,2.38251e-05
43,32768,1.79941e-05
44,32768,1.45081e-05
45,32768,1.73934e-05
46,32768,1.69724e-05
47,32768,1.67917e-05
48,32768,1.68225e-05
49,32768,1.52579e-05
50,32768,1.40155e-05
51,32768,1.45482e-05
52,32768,1.55987e-05
53,32768,1.43666e-05
54,32768,1.36262e-05
55,32768,1.45379e-05
56,32768,1.46981e-05
57,32768,8.42568e-06
58,32768,8.16584e-06
59,32768,8.7861e-06
60,32768,8.9258e-06
61,32768,8.72556e-06
62,32768,1.53193e-05
63,32768,8.58586e-06
64,32768,8.43592e-06
65,32768,1.93967e-05
66,32768,1.51377e-05
67,32768,8.6464e-06
68,32768,2.03298e-05
69,32768,1.52895e-05
70,32768,1.79531e-05
71,32768,9.12696e-06
72,32768,1.47782e-05
73,32768,1.69417e-05
74,32768,1.34455e-05
75,32768,1.47978e-05
76,32768,1.56192e-05
77,32768,1.49878e-05
78,32768,1.85855e-05
79,32768,1.58902e-05
80,32768,1.52886e-05
81,32768,1.7764e-05
82,32768,1.36159e-05
83,32768,1.71531e-05
84,32768,1.37053e-05
85,32768,1.84951e-05
86,32768,1.40667e-05
87,32768,9.19774e-06
88,32768,9.0776e-06
89,32768,8.61567e-06
90,32768,1.72323e-05
91,32768,2.01287e-05
92,32768,8.68551e-06
93,32768,1.02604e-05
94,32768,9.41753e-06
95,32768,1.78833e-05
96,32768,1.21631e-05
97,32768,1.29035e-05
98,32768,1.4307e-05
99,32768,1.53594e-05
0,65536,0.000106431
1,65536,2.02283e-05
2,65536,1.90064e-05
3,65536,3.12692e-05
4,65536,1.79643e-05
5,65536,1.85343e-05
6,65536,1.88956e-05
7,65536,3.76608e-05
8,65536,2.5278e-05
9,65536,1.90362e-05
10,65536,1.89058e-05
11,65536,1.82251e-05
12,65536,1.81748e-05
13,65536,2.04286e-05
14,65536,1.80444e-05
15,65536,1.89058e-05
16,65536,1.82139e-05
17,65536,1.86851e-05
18,65536,1.81841e-05
19,65536,1.8985e-05
20,65536,1.86553e-05
21,65536,1.86749e-05
22,65536,1.87866e-05
23,65536,1.8565e-05
24,65536,1.90064e-05
25,65536,1.84951e-05
26,65536,1.8415e-05
27,65536,1.81235e-05
28,65536,1.81841e-05
29,65536,1.85156e-05
30,65536,1.82847e-05
31,65536,1.80341e-05
32,65536,1.84346e-05
33,65536,1.80546e-05
34,65536,1.83852e-05
35,65536,1.84542e-05
36,65536,1.79242e-05
37,65536,1.88565e-05
38,65536,1.88351e-05
39,65536,1.84644e-05
40,65536,1.80043e-05
41,65536,1.80937e-05
42,65536,1.85054e-05
43,65536,1.84756e-05
44,65536,1.79242e-05
45,65536,1.85855e-05
46,65536,1.84234e-05
47,65536,1.78441e-05
48,65536,1.86851e-05
49,65536,1.7954e-05
50,65536,1.85547e-05
51,65536,1.85147e-05
52,65536,1.86451e-05
53,65536,1.84346e-05
54,65536,1.80937e-05
55,65536,1.85147e-05
56,65536,1.83145e-05
57,65536,1.91061e-05
58,65536,1.88947e-05
59,65536,1.84048e-05
60,65536,1.82549e-05
61,65536,1.8605e-05
62,65536,1.81142e-05
63,65536,1.88956e-05
64,65536,1.88248e-05
65,65536,1.81338e-05
66,65536,1.87252e-05
67,65536,1.82753e-05
68,65536,1.93659e-05
69,65536,1.90455e-05
70,65536,1.95559e-05
71,65536,1.88462e-05
72,65536,1.91862e-05
73,65536,1.86143e-05
74,65536,1.90167e-05
75,65536,1.88546e-05
76,65536,1.89664e-05
77,65536,1.85454e-05
78,65536,1.83852e-05
79,65536,1.91163e-05
80,65536,1.86153e-05
81,65536,1.83638e-05
82,65536,1.83247e-05
83,65536,1.89058e-05
84,65536,1.82735e-05
85,65536,1.89962e-05
86,65536,1.80341e-05
87,65536,1.82837e-05
88,65536,1.85547e-05
89,65536,1.82334e-05
90,65536,1.82446e-05
91,65536,1.78833e-05
92,65536,1.7833e-05
93,65536,1.9066e-05
94,65536,1.81645e-05
95,65536,1.88556e-05
96,65536,1.85445e-05
97,65536,1.81841e-05
98,65536,1.80248e-05
99,65536,2.60491e-05
0,131072,0.000231657
1,131072,3.3373e-05
2,131072,2.79136e-05
3,131072,4.07873e-05
4,131072,4.0737e-05
5,131072,4.04762e-05
6,131072,2.76417e-05
7,131072,5.6617e-05
8,131072,4.8141e-05
9,131072,3.9394e-05
10,131072,3.65395e-05
11,131072,3.57768e-05
12,131072,2.76826e-05
13,131072,4.18993e-05
14,131072,2.91653e-05
15,131072,3.90336e-05
16,131072,2.86344e-05
17,131072,2.93562e-05
18,131072,4.01745e-05
19,131072,2.83439e-05
20,131072,3.81712e-05
21,131072,2.92361e-05
22,131072,2.87853e-05
23,131072,2.87043e-05
24,131072,3.78024e-05
25,131072,3.84524e-05
26,131072,3.56082e-05
27,131072,3.90038e-05
28,131072,3.79421e-05
29,131072,3.66988e-05
30,131072,3.96743e-05
31,131072,3.56687e-05
32,131072,2.80133e-05
33,131072,2.77013e-05
34,131072,3.38638e-05
35,131072,2.95462e-05
36,131072,3.5597e-05
37,131072,2.81129e-05
38,131072,3.96641e-05
39,131072,3.64874e-05
40,131072,3.87132e-05
41,131072,3.92739e-05
42,131072,3.71812e-05
43,131072,3.6709e-05
44,131072,3.7591e-05
45,131072,3.59779e-05
46,131072,2.84538e-05
47,131072,2.80626e-05
48,131072,3.84627e-05
49,131072,3.58578e-05
50,131072,3.57172e-05
51,131072,3.53176e-05
52,131072,3.75211e-05
53,131072,3.56277e-05
54,131072,2.75522e-05
55,131072,3.60776e-05
56,131072,2.85041e-05
57,131072,3.74513e-05
58,131072,3.77111e-05
59,131072,3.93046e-05
60,131072,2.85637e-05
61,131072,2.90945e-05
62,131072,3.39737e-05
63,131072,3.72212e-05
64,131072,3.62992e-05
65,131072,4.04054e-05
66,131072,3.91342e-05
67,131072,4.00152e-05
68,131072,4.00348e-05
69,131072,3.98941e-05
70,131072,3.28524e-05
71,131072,3.60692e-05
72,131072,2.89548e-05
73,131072,3.75109e-05
74,131072,3.94145e-05
75,131072,4.12976e-05
76,131072,3.34131e-05
77,131072,4.08972e-05
78,131072,3.9164e-05
79,131072,3.57162e-05
80,131072,2.83029e-05
81,131072,3.7401e-05
82,131072,3.57581e-05
83,131072,2.95164e-05
84,131072,3.69698e-05
85,131072,3.84729e-05
86,131072,3.68282e-05
87,131072,3.8242e-05
88,131072,4.56665e-05
89,131072,3.86834e-05
90,131072,3.86229e-05
91,131072,3.65786e-05
92,131072,4.02061e-05
93,131072,3.48063e-05
94,131072,3.61782e-05
95,131072,3.62583e-05
96,131072,3.92841e-05
97,131072,3.55272e-05
98,131072,3.77325e-05
99,131072,4.3001e-05
0,262144,0.000251845
1,262144,6.41011e-05
2,262144,6.65458e-05
3,262144,5.90924e-05
4,262144,6.63344e-05
5,262144,6.95614e-05
6,262144,5.78091e-05
7,262144,7.79564e-05
8,262144,7.50711e-05
9,262144,5.70677e-05
10,262144,6.89197e-05
11,262144,6.41514e-05
12,262144,5.68787e-05
13,262144,5.86612e-05
14,262144,6.33402e-05
15,262144,6.72769e-05
16,262144,5.95925e-05
17,262144,6.64461e-05
18,262144,6.5593e-05
19,262144,6.73067e-05
20,262144,5.846e-05
21,262144,6.60941e-05
22,262144,6.67153e-05
23,262144,5.97937e-05
24,262144,6.7628e-05
25,262144,6.12745e-05
26,262144,6.43414e-05
27,262144,6.48526e-05
28,262144,6.99814e-05
29,262144,6.916e-05
30,262144,6.58855e-05
31,262144,6.94413e-05
32,262144,6.91302e-05
33,262144,6.91805e-05
34,262144,7.03726e-05
35,262144,6.52634e-05
36,262144,6.86487e-05
37,262144,6.85705e-05
38,262144,6.90101e-05
39,262144,7.05626e-05
40,262144,6.68261e-05
41,262144,5.70081e-05
42,262144,5.69066e-05
43,262144,6.28596e-05
44,262144,6.41411e-05
45,262144,6.92913e-05
46,262144,6.63856e-05
47,262144,6.20969e-05
48,262144,6.87102e-05
49,262144,6.41607e-05
50,262144,6.78478e-05
51,262144,6.72154e-05
52,262144,6.63148e-05
53,262144,6.85407e-05
54,262144,6.81691e-05
55,262144,6.68559e-05
56,262144,6.68066e-05
57,262144,6.97114e-05
58,262144,6.94208e-05
59,262144,6.84299e-05
60,262144,6.69463e-05
61,262144,6.74175e-05
62,262144,7.52015e-05
63,262144,6.70776e-05
64,262144,6.73374e-05
65,262144,6.48135e-05
66,262144,6.86906e-05
67,262144,6.7478e-05
68,262144,6.79381e-05
69,262144,6.87698e-05
70,262144,6.58948e-05
71,262144,6.91311e-05
72,262144,6.65355e-05
73,262144,6.65346e-05
74,262144,7.15647e-05
75,262144,6.97318e-05
76,262144,6.69761e-05
77,262144,7.10534e-05
78,262144,6.88406e-05
79,262144,7.54735e-05
80,262144,6.84289e-05
81,262144,6.72368e-05
82,262144,6.09746e-05
83,262144,7.01323e-05
84,262144,7.01128e-05
85,262144,6.76271e-05
86,262144,6.99125e-05
87,262144,6.69863e-05
88,262144,6.75283e-05
89,262144,6.82781e-05
90,262144,6.75078e-05
91,262144,7.28285e-05
92,262144,5.97024e-05
93,262144,6.88499e-05
94,262144,7.14352e-05
95,262144,6.77779e-05
96,262144,6.86701e-05
97,262144,6.49635e-05
98,262144,6.79484e-05
99,262144,6.80489e-05
0,524288,0.000460939
1,524288,0.000129203
2,524288,0.000122972
3,524288,0.000124104
4,524288,0.00012181
5,524288,0.000124676
6,524288,0.000125417
7,524288,0.000143833
8,524288,0.000140054
9,524288,0.00012173
10,524288,0.000118884
11,524288,0.000120257
12,524288,0.00012682
13,524288,0.00012697
14,524288,0.00012196
15,524288,0.000120638
16,524288,0.000119867
17,524288,0.000125898
18,524288,0.000123173
19,524288,0.000120217
20,524288,0.000126298
21,524288,0.000122922
22,524288,0.000129455
23,524288,0.00012165
24,524288,0.000122421
25,524288,0.000124675
26,524288,0.000123072
27,524288,0.000121519
28,524288,0.000126558
29,524288,0.000130346
30,524288,0.00012223
31,524288,0.000123234
32,524288,0.000118974
33,524288,0.000121439
34,524288,0.000121861
35,524288,0.000118774
36,524288,0.000123333
37,524288,0.000123443
38,524288,0.000120287
39,524288,0.000129404
40,524288,0.000125226
41,524288,0.000119677
42,524288,0.000118674
43,524288,0.000123474
44,524288,0.000118844
45,524288,0.00012793
46,524288,0.000128933
47,524288,0.000119225
48,524288,0.000119766
49,524288,0.000125447
50,524288,0.000118815
51,524288,0.000119385
52,524288,0.000122812
53,524288,0.00011731
54,524288,0.000119185
55,524288,0.000129184
56,524288,0.000118514
57,524288,0.000118773
58,524288,0.000116009
59,524288,0.000121409
60,524288,0.000123433
61,524288,0.000122582
62,524288,0.000119666
63,524288,0.000124555
64,524288,0.000121539
65,524288,0.000122271
66,524288,0.000126649
67,524288,0.000123283
68,524288,0.000122149
69,524288,0.000118273
70,524288,0.00011648
71,524288,0.000123302
72,524288,0.000120117
73,524288,0.000117161
74,524288,0.000123031
75,524288,0.000120657
76,524288,0.000134493
77,524288,0.000125166
78,524288,0.000120528
79,524288,0.000125567
80,524288,0.000123844
81,524288,0.000124675
82,524288,0.000122751
83,524288,0.000123213
84,524288,0.00013249
85,524288,0.000121299
86,524288,0.000124505
87,524288,0.000131238
88,524288,0.00012196
89,524288,0.000122761
90,524288,0.00013783
91,524288,0.000122782
92,524288,0.000130476
93,524288,0.000120798
94,524288,0.000120447
95,524288,0.000117552
96,524288,0.000118162
97,524288,0.000117993
98,524288,0.000127981
99,524288,0.000120438
0,1048576,0.000890801
1,1048576,0.000245313
2,1048576,0.000242979
3,1048576,0.000244923
4,1048576,0.000241986
5,1048576,0.000243651
6,1048576,0.000242378
7,1048576,0.00026528
8,1048576,0.000240765
9,1048576,0.000233931
10,1048576,0.000233009
11,1048576,0.000234362
12,1048576,0.000242928
13,1048576,0.0002337
14,1048576,0.000241205
15,1048576,0.000234563
16,1048576,0.000235444
17,1048576,0.000241023
18,1048576,0.000240133
19,1048576,0.000245463
20,1048576,0.000235074
21,1048576,0.000232819
22,1048576,0.000231577
23,1048576,0.000238962
24,1048576,0.00023357
25,1048576,0.000241426
26,1048576,0.000234531
27,1048576,0.000246756
28,1048576,0.00024381
29,1048576,0.00023816
30,1048576,0.000240544
31,1048576,0.000239362
32,1048576,0.000238851
33,1048576,0.00023805
34,1048576,0.000237639
35,1048576,0.000231327
36,1048576,0.000246826
37,1048576,0.000243991
38,1048576,0.000247328
39,1048576,0.000237218
40,1048576,0.000250163
41,1048576,0.000238541
42,1048576,0.00025362
43,1048576,0.000234272
44,1048576,0.000251395
45,1048576,0.000246135
46,1048576,0.000242297
47,1048576,0.000250793
48,1048576,0.000244852
49,1048576,0.000246445
50,1048576,0.000247286
51,1048576,0.000236265
52,1048576,0.000238881
53,1048576,0.000233581
54,1048576,0.000242428
55,1048576,0.000245793
56,1048576,0.000233992
57,1048576,0.000253068
58,1048576,0.000232969
59,1048576,0.000259911
60,1048576,0.000239192
61,1048576,0.000239673
62,1048576,0.000234293
63,1048576,0.000229313
64,1048576,0.000239432
65,1048576,0.000230856
66,1048576,0.000237829
67,1048576,0.000232539
68,1048576,0.000232609
69,1048576,0.000234784
70,1048576,0.000231948
71,1048576,0.000236456
72,1048576,0.000232148
73,1048576,0.000240363
74,1048576,0.000245162
75,1048576,0.000244522
76,1048576,0.000234324
77,1048576,0.000241296
78,1048576,0.000243029
79,1048576,0.000239463
80,1048576,0.000242598
81,1048576,0.000237739
82,1048576,0.000244381
83,1048576,0.000246827
84,1048576,0.000240915
85,1048576,0.000250082
86,1048576,0.000240153
87,1048576,0.000239983
88,1048576,0.000263266
89,1048576,0.000235815
90,1048576,0.000243279
91,1048576,0.000248729
92,1048576,0.000240264
93,1048576,0.000235135
94,1048576,0.000240724
95,1048576,0.000240303
96,1048576,0.000234182
97,1048576,0.000244742
98,1048576,0.000252026
99,1048576,0.000238901
0,2097152,0.00164003
1,2097152,0.000523267
2,2097152,0.000505804
3,2097152,0.000520893
4,2097152,0.000530512
5,2097152,0.000509251
6,2097152,0.000514191
7,2097152,0.000531754
8,2097152,0.000516274
9,2097152,0.000492039
10,2097152,0.000492088
11,2097152,0.000514232
12,2097152,0.000501717
13,2097152,0.000521936
14,2097152,0.000491628
15,2097152,0.000506496
16,2097152,0.000516173
17,2097152,0.000476009
18,2097152,0.000513519
19,2097152,0.000494854
20,2097152,0.000505925
21,2097152,0.000500114
22,2097152,0.000510102
23,2097152,0.000499153
24,2097152,0.000512077
25,2097152,0.000497239
26,2097152,0.00048215
27,2097152,0.000515593
28,2097152,0.000515172
29,2097152,0.000487491
30,2097152,0.000473073
31,2097152,0.00047643
32,2097152,0.000470157
33,2097152,0.000510244
34,2097152,0.000504563
35,2097152,0.000481118
36,2097152,0.000471239
37,2097152,0.000473253
38,2097152,0.00050322
39,2097152,0.000503861
40,2097152,0.000509702
41,2097152,0.000510613
42,2097152,0.000483142
43,2097152,0.000502879
44,2097152,0.000486588
45,2097152,0.000500124
46,2097152,0.000514031
47,2097152,0.000502448
48,2097152,0.000512818
49,2097152,0.000494364
50,2097152,0.000492319
51,2097152,0.000511294
52,2097152,0.00051471
53,2097152,0.000509282
54,2097152,0.000495877
55,2097152,0.00050297
56,2097152,0.000511977
57,2097152,0.000500635
58,2097152,0.000494936
59,2097152,0.000518509
60,2097152,0.000482702
61,2097152,0.000518409
62,2097152,0.000515122
63,2097152,0.000507097
64,2097152,0.000511325
65,2097152,0.000542063
66,2097152,0.000501106
67,2097152,0.000507187
68,2097152,0.00051339
69,2097152,0.00051879
70,2097152,0.000484013
71,2097152,0.000512949
72,2097152,0.000538928
73,2097152,0.000536573
74,2097152,0.000528849
75,2097152,0.000539117
76,2097152,0.000486189
77,2097152,0.000520742
78,2097152,0.000493792
79,2097152,0.000520312
80,2097152,0.000494183
81,2097152,0.000479175
82,2097152,0.000486538
83,2097152,0.000475888
84,2097152,0.000480368
85,2097152,0.000480427
86,2097152,0.000487289
87,2097152,0.000521134
88,2097152,0.000509522
89,2097152,0.000512407
90,2097152,0.000492339
91,2097152,0.000516566
92,2097152,0.000511786
93,2097152,0.000501677
94,2097152,0.000500936
95,2097152,0.000518348
96,2097152,0.000513149
97,2097152,0.000504973
98,2097152,0.000507859
99,2097152,0.000512638
0,4194304,0.00249853
1,4194304,0.00102297
2,4194304,0.00101137
3,4194304,0.00101502
4,4194304,0.000981372
5,4194304,0.000998745
6,4194304,0.00097445
7,4194304,0.00102525
8,4194304,0.000978667
9,4194304,0.000995348
10,4194304,0.000973347
11,4194304,0.00100728
12,4194304,0.0010109
13,4194304,0.00100061
14,4194304,0.000968207
15,4194304,0.000970582
16,4194304,0.000982765
17,4194304,0.000982995
18,4194304,0.00096913
19,4194304,0.000982665
20,4194304,0.00100721
21,4194304,0.000977886
22,4194304,0.000967777
23,4194304,0.000980452
24,4194304,0.00100678
25,4194304,0.000988226
26,4194304,0.000999927
27,4194304,0.00100785
28,4194304,0.000976102
29,4194304,0.000977936
30,4194304,0.000997543
31,4194304,0.00100404
32,4194304,0.000974891
33,4194304,0.000990399
34,4194304,0.000989388
35,4194304,0.000998474
36,4194304,0.00100183
37,4194304,0.00100684
38,4194304,0.00101237
39,4194304,0.00100789
40,4194304,0.000983657
41,4194304,0.000981152
42,4194304,0.00101051
43,4194304,0.000961945
44,4194304,0.000997283
45,4194304,0.00101343
46,4194304,0.00101928
47,4194304,0.000986923
48,4194304,0.000979869
49,4194304,0.000977905
50,4194304,0.000971053
51,4194304,0.000981051
52,4194304,0.000986531
53,4194304,0.000999977
54,4194304,0.000971715
55,4194304,0.000997603
56,4194304,0.00100055
57,4194304,0.000997963
58,4194304,0.000984157
59,4194304,0.00100728
60,4194304,0.00102097
61,4194304,0.000996442
62,4194304,0.00099603
63,4194304,0.000979288
64,4194304,0.00101541
65,4194304,0.00102821
66,4194304,0.000997563
67,4194304,0.000994597
68,4194304,0.00102119
69,4194304,0.000981173
70,4194304,0.00102187
71,4194304,0.0010008
72,4194304,0.000960082
73,4194304,0.00100429
74,4194304,0.000989066
75,4194304,0.00095385
76,4194304,0.000946226
77,4194304,0.001012
78,4194304,0.00096941
79,4194304,0.000993676
80,4194304,0.000988896
81,4194304,0.00100391
82,4194304,0.000988565
83,4194304,0.000983366
84,4194304,0.0010095
85,4194304,0.000981863
86,4194304,0.000991422
87,4194304,0.00100025
88,4194304,0.000998965
89,4194304,0.000992362
90,4194304,0.00099618
91,4194304,0.000983236
92,4194304,0.000980821
93,4194304,0.000991481
94,4194304,0.000993506
95,4194304,0.000975622
96,4194304,0.00100601
97,4194304,0.000998815
98,4194304,0.000992934
99,4194304,0.00099631
0,8388608,0.00654696
1,8388608,0.00208413
2,8388608,0.00199826
3,8388608,0.00200525
4,8388608,0.00202029
5,8388608,0.00204032
6,8388608,0.00202946
7,8388608,0.00205484
8,8388608,0.00203955
9,8388608,0.0020096
10,8388608,0.0020273
11,8388608,0.00201854
12,8388608,0.00204796
13,8388608,0.00207601
14,8388608,0.00204133
15,8388608,0.0020292
16,8388608,0.00212593
17,8388608,0.00211351
18,8388608,0.00212673
19,8388608,0.00208734
20,8388608,0.00206414
21,8388608,0.0020652
22,8388608,0.00209333
23,8388608,0.00208589
24,8388608,0.00200359
25,8388608,0.00225442
26,8388608,0.00206806
27,8388608,0.002086
28,8388608,0.00205627
29,8388608,0.00207991
30,8388608,0.00211242
31,8388608,0.00206075
32,8388608,0.00211091
33,8388608,0.00207329
34,8388608,0.00213291
35,8388608,0.00210587
36,8388608,0.00207527
37,8388608,0.00210168
38,8388608,0.00203912
39,8388608,0.00204941
40,8388608,0.00211386
41,8388608,0.00212113
42,8388608,0.00206028
43,8388608,0.00210983
44,8388608,0.00209172
45,8388608,0.00200885
46,8388608,0.00205031
47,8388608,0.00205292
48,8388608,0.00206704
49,8388608,0.00203835
50,8388608,0.00206829
51,8388608,0.0020794
52,8388608,0.00205768
53,8388608,0.00199218
54,8388608,0.00203049
55,8388608,0.00210625
56,8388608,0.00206956
57,8388608,0.00198142
58,8388608,0.00208164
59,8388608,0.00203727
60,8388608,0.0020244
61,8388608,0.00203275
62,8388608,0.00206262
63,8388608,0.00205003
64,8388608,0.00206129
65,8388608,0.00201306
66,8388608,0.00207688
67,8388608,0.00204164
68,8388608,0.00204866
69,8388608,0.00208029
70,8388608,0.002033
71,8388608,0.00199956
72,8388608,0.0021057
73,8388608,0.00205125
74,8388608,0.00205629
75,8388608,0.0020475
76,8388608,0.00198796
77,8388608,0.00199869
78,8388608,0.00202426
79,8388608,0.00202195
80,8388608,0.00207329
81,8388608,0.00203712
82,8388608,0.00203783
83,8388608,0.00198619
84,8388608,0.00204028
85,8388608,0.00199616
86,8388608,0.00205934
87,8388608,0.00207064
88,8388608,0.00205364
89,8388608,0.00205924
90,8388608,0.00203112
91,8388608,0.00203429
92,8388608,0.0020014
93,8388608,0.00197632
94,8388608,0.00209872
95,8388608,0.00214558
96,8388608,0.00205566
97,8388608,0.00209478
98,8388608,0.00206333
99,8388608,0.0020781
0,16777216,0.0181629
1,16777216,0.0050113
2,16777216,0.00498975
3,16777216,0.00496458
4,16777216,0.00495945
5,16777216,0.0049629
6,16777216,0.00492369
7,16777216,0.00510528
8,16777216,0.00505697
9,16777216,0.00509535
10,16777216,0.00514359
11,16777216,0.00515833
12,16777216,0.00511214
13,16777216,0.00512565
14,16777216,0.00509747
15,16777216,0.00522211
16,16777216,0.00515447
17,16777216,0.00510832
18,16777216,0.0050026
19,16777216,0.00497284
20,16777216,0.00493587
21,16777216,0.00494342
22,16777216,0.00494788
23,16777216,0.00494211
24,16777216,0.0049844
25,16777216,0.00503263
26,16777216,0.00501096
27,16777216,0.00495821
28,16777216,0.00498757
29,16777216,0.00506556
30,16777216,0.00540241
31,16777216,0.0052818
32,16777216,0.00552762
33,16777216,0.00533447
34,16777216,0.00541026
35,16777216,0.00526581
36,16777216,0.00518002
37,16777216,0.00527155
38,16777216,0.00515549
39,16777216,0.00509425
40,16777216,0.00509663
41,16777216,0.00506726
42,16777216,0.0050358
43,16777216,0.00501286
44,16777216,0.00505005
45,16777216,0.00505254
46,16777216,0.00498237
47,16777216,0.00501922
48,16777216,0.00501621
49,16777216,0.00503937
50,16777216,0.00504587
51,16777216,0.00509672
52,16777216,0.00508816
53,16777216,0.00506271
54,16777216,0.00508998
55,16777216,0.00509279
56,16777216,0.00506903
57,16777216,0.0050987
58,16777216,0.00509339
59,16777216,0.00510201
60,16777216,0.00518039
61,16777216,0.00511885
62,16777216,0.00515079
63,16777216,0.00500767
64,16777216,0.00513314
65,16777216,0.00515819
66,16777216,0.00517013
67,16777216,0.0051051
68,16777216,0.00508146
69,16777216,0.00502572
70,16777216,0.00506544
71,16777216,0.00506721
72,16777216,0.00504799
73,16777216,0.00512281
74,16777216,0.00506171
75,16777216,0.0050435
76,16777216,0.00523399
77,16777216,0.0053715
78,16777216,0.00520904
79,16777216,0.005304
80,16777216,0.00530728
81,16777216,0.00520064
82,16777216,0.00523437
83,16777216,0.00525339
84,16777216,0.00500896
85,16777216,0.00519946
86,16777216,0.00506907
87,16777216,0.00514142
88,16777216,0.00511631
89,16777216,0.0050775
90,16777216,0.00505176
91,16777216,0.00507988
92,16777216,0.00497006
93,16777216,0.00498967
94,16777216,0.0050011
95,16777216,0.00503228
96,16777216,0.00499516
97,16777216,0.00499774
98,16777216,0.00500798
99,16777216,0.00496797
