0,2,0.0106076
1,2,3.57572e-05
2,2,3.41237e-05
3,2,3.26419e-05
4,2,3.20496e-05
5,2,3.23215e-05
6,2,3.18605e-05
7,2,3.25609e-05
8,2,3.3142e-05
9,2,3.31225e-05
10,2,3.26708e-05
11,2,3.35835e-05
12,2,3.43937e-05
13,2,3.24603e-05
14,2,3.25507e-05
15,2,3.33032e-05
16,2,3.21902e-05
17,2,3.31718e-05
18,2,4.3992e-05
19,2,3.39029e-05
20,2,3.5516e-05
21,2,3.27611e-05
22,2,3.23504e-05
23,2,3.241e-05
24,2,3.3292e-05
25,2,3.31318e-05
26,2,3.20105e-05
27,2,4.80702e-05
28,2,3.218e-05
29,2,3.76198e-05
30,2,3.30517e-05
31,2,3.55653e-05
32,2,3.65693e-05
33,2,3.31923e-05
34,2,3.32417e-05
35,2,3.30117e-05
36,2,3.44552e-05
37,2,3.28608e-05
38,2,3.24408e-05
39,2,3.44347e-05
40,2,3.18103e-05
41,2,3.54871e-05
42,2,3.36636e-05
43,2,3.35034e-05
44,2,3.25907e-05
45,2,3.45539e-05
46,2,3.36422e-05
47,2,3.4174e-05
48,2,3.39141e-05
49,2,3.39933e-05
50,2,3.46443e-05
51,2,3.51556e-05
52,2,3.43043e-05
53,2,3.37837e-05
54,2,3.3983e-05
55,2,3.34429e-05
56,2,3.45353e-05
57,2,3.42038e-05
58,2,3.21809e-05
59,2,3.54359e-05
60,2,3.32016e-05
61,2,3.6709e-05
62,2,3.2831e-05
63,2,3.44748e-05
64,2,3.34727e-05
65,2,3.41032e-05
66,2,3.23309e-05
67,2,3.23104e-05
68,2,3.42336e-05
69,2,3.26512e-05
70,2,3.4905e-05
71,2,3.37232e-05
72,2,3.35136e-05
73,2,3.5136e-05
74,2,3.20198e-05
75,2,3.37828e-05
76,2,3.17292e-05
77,2,3.41143e-05
78,2,3.218e-05
79,2,3.47449e-05
80,2,6.57625e-05
81,2,3.32035e-05
82,2,3.23709e-05
83,2,3.37642e-05
84,2,3.5136e-05
85,2,3.38433e-05
86,2,3.29819e-05
87,2,3.37241e-05
88,2,3.27714e-05
89,2,3.29623e-05
90,2,3.20803e-05
91,2,3.36738e-05
92,2,3.16091e-05
93,2,3.26112e-05
94,2,3.29018e-05
95,2,3.8893e-05
96,2,3.24305e-05
97,2,3.45549e-05
98,2,3.23514e-05
99,2,3.33535e-05
0,4,0.0105184
1,4,3.61577e-05
2,4,3.39644e-05
3,4,3.5747e-05
4,4,3.43537e-05
5,4,3.40845e-05
6,4,3.45949e-05
7,4,3.40845e-05
8,4,3.33525e-05
9,4,3.35732e-05
10,4,3.61484e-05
11,4,3.65879e-05
12,4,3.35034e-05
13,4,3.48752e-05
14,4,3.47253e-05
15,4,3.5787e-05
16,4,3.67593e-05
17,4,3.32724e-05
18,4,3.40538e-05
19,4,3.38526e-05
20,4,3.46359e-05
21,4,3.42149e-05
22,4,3.44748e-05
23,4,3.38936e-05
24,4,3.51463e-05
25,4,4.17391e-05
26,4,3.4404e-05
27,4,3.38145e-05
28,4,3.37241e-05
29,4,4.2269e-05
30,4,3.33628e-05
31,4,3.52766e-05
32,4,3.49758e-05
33,4,3.38526e-05
34,4,3.38526e-05
35,4,3.4024e-05
36,4,3.30722e-05
37,4,3.37735e-05
38,4,3.47346e-05
39,4,3.42634e-05
40,4,5.61858e-05
41,4,3.40948e-05
42,4,4.17782e-05
43,4,3.33935e-05
44,4,3.35332e-05
45,4,3.56166e-05
46,4,3.34727e-05
47,4,3.37837e-05
48,4,3.46955e-05
49,4,3.35826e-05
50,4,3.46135e-05
51,4,3.49861e-05
52,4,3.46256e-05
53,4,3.43556e-05
54,4,3.45046e-05
55,4,3.50252e-05
56,4,3.45744e-05
57,4,3.33022e-05
58,4,3.39737e-05
59,4,3.3332e-05
60,4,3.33926e-05
61,4,3.43937e-05
62,4,3.57274e-05
63,4,3.3794e-05
64,4,3.3943e-05
65,4,3.36831e-05
66,4,3.56259e-05
67,4,3.4404e-05
68,4,3.49665e-05
69,4,3.62583e-05
70,4,3.38126e-05
71,4,3.49348e-05
72,4,3.30824e-05
73,4,4.10369e-05
74,4,3.46852e-05
75,4,3.47849e-05
76,4,3.40044e-05
77,4,3.37325e-05
78,4,3.49758e-05
79,4,3.44357e-05
80,4,3.58382e-05
81,4,3.6478e-05
82,4,3.37437e-05
83,4,3.30415e-05
84,4,3.54666e-05
85,4,3.40845e-05
86,4,3.44357e-05
87,4,3.36329e-05
88,4,3.43844e-05
89,4,3.38834e-05
90,4,3.38247e-05
91,4,3.43239e-05
92,4,3.33013e-05
93,4,3.43556e-05
94,4,3.27816e-05
95,4,6.16955e-05
96,4,3.33833e-05
97,4,3.45539e-05
98,4,3.25618e-05
99,4,3.32417e-05
0,8,0.0105271
1,8,3.53754e-05
2,8,3.3332e-05
3,8,3.50252e-05
4,8,3.32119e-05
5,8,3.35025e-05
6,8,3.2872e-05
7,8,3.40044e-05
8,8,3.44645e-05
9,8,3.42755e-05
10,8,3.44338e-05
11,8,3.3183e-05
12,8,3.56566e-05
13,8,3.36329e-05
14,8,3.3102e-05
15,8,3.48547e-05
16,8,3.85223e-05
17,8,3.4675e-05
18,8,3.23802e-05
19,8,3.40138e-05
20,8,3.25814e-05
21,8,3.51761e-05
22,8,3.30815e-05
23,8,3.42634e-05
24,8,3.21204e-05
25,8,3.42447e-05
26,8,3.4635e-05
27,8,3.26615e-05
28,8,3.37735e-05
29,8,3.26922e-05
30,8,3.18801e-05
31,8,3.22601e-05
32,8,3.24612e-05
33,8,3.38834e-05
34,8,3.20105e-05
35,8,3.26512e-05
36,8,3.35127e-05
37,8,3.30014e-05
38,8,3.19397e-05
39,8,3.20897e-05
40,8,3.18699e-05
41,8,3.22405e-05
42,8,3.34624e-05
43,8,3.20803e-05
44,8,3.43332e-05
45,8,3.203e-05
46,8,4.33913e-05
47,8,3.43341e-05
48,8,3.0918e-05
49,8,3.18103e-05
50,8,3.176e-05
51,8,3.22508e-05
52,8,3.23206e-05
53,8,3.21101e-05
54,8,3.58373e-05
55,8,3.27919e-05
56,8,3.09981e-05
57,8,3.2411e-05
58,8,3.18987e-05
59,8,3.3523e-05
60,8,3.38331e-05
61,8,3.23905e-05
62,8,3.11276e-05
63,8,3.27108e-05
64,8,3.22498e-05
65,8,3.27621e-05
66,8,3.39737e-05
67,8,3.13194e-05
68,8,3.42941e-05
69,8,3.9544e-05
70,8,3.23411e-05
71,8,3.2221e-05
72,8,3.35127e-05
73,8,3.24612e-05
74,8,2.60882e-05
75,8,2.58377e-05
76,8,3.14992e-05
77,8,3.33628e-05
78,8,3.14992e-05
79,8,3.20002e-05
80,8,3.13576e-05
81,8,3.44245e-05
82,8,3.14992e-05
83,8,3.05576e-05
84,8,3.14284e-05
85,8,3.20999e-05
86,8,3.22899e-05
87,8,3.3793e-05
88,8,3.13791e-05
89,8,3.29912e-05
90,8,3.2411e-05
91,8,3.12487e-05
92,8,3.17795e-05
93,8,3.38433e-05
94,8,3.11481e-05
95,8,3.22098e-05
96,8,3.35136e-05
97,8,3.29008e-05
98,8,3.13185e-05
99,8,3.40333e-05
0,16,0.0105357
1,16,3.73516e-05
2,16,3.48249e-05
3,16,3.50056e-05
4,16,3.58475e-05
5,16,3.47951e-05
6,16,3.32939e-05
7,16,3.40436e-05
8,16,3.39942e-05
9,16,3.46955e-05
10,16,3.43053e-05
11,16,3.40138e-05
12,16,3.58373e-05
13,16,3.43435e-05
14,16,3.73498e-05
15,16,3.48454e-05
16,16,3.43947e-05
17,16,3.5827e-05
18,16,3.31122e-05
19,16,5.18672e-05
20,16,3.36636e-05
21,16,3.34932e-05
22,16,3.56073e-05
23,16,3.44645e-05
24,16,3.63486e-05
25,16,3.40622e-05
26,16,3.3984e-05
27,16,3.45549e-05
28,16,3.3753e-05
29,16,3.37837e-05
30,16,3.56464e-05
31,16,3.45651e-05
32,16,3.5556e-05
33,16,3.42047e-05
34,16,3.77409e-05
35,16,3.33125e-05
36,16,3.53064e-05
37,16,3.71598e-05
38,16,3.43956e-05
39,16,3.6017e-05
40,16,3.59677e-05
41,16,3.42242e-05
42,16,3.33115e-05
43,16,3.40939e-05
44,16,3.36431e-05
45,16,3.59472e-05
46,16,3.52664e-05
47,16,3.34717e-05
48,16,3.36841e-05
49,16,3.28012e-05
50,16,3.22293e-05
51,16,4.30206e-05
52,16,3.51556e-05
53,16,3.2682e-05
54,16,3.48957e-05
55,16,3.31523e-05
56,16,3.36831e-05
57,16,3.57768e-05
58,16,3.38024e-05
59,16,3.28412e-05
60,16,3.39141e-05
61,16,3.53754e-05
62,16,3.4635e-05
63,16,3.41143e-05
64,16,3.35118e-05
65,16,3.40044e-05
66,16,3.28925e-05
67,16,3.54769e-05
68,16,3.36533e-05
69,16,3.37223e-05
70,16,3.30918e-05
71,16,3.47756e-05
72,16,3.33423e-05
73,16,3.44757e-05
74,16,3.49749e-05
75,16,3.44655e-05
76,16,3.74094e-05
77,16,3.4404e-05
78,16,3.44636e-05
79,16,3.43053e-05
80,16,3.26307e-05
81,16,3.28608e-05
82,16,3.50252e-05
83,16,3.34727e-05
84,16,3.2912e-05
85,16,3.51658e-05
86,16,3.24808e-05
87,16,3.31523e-05
88,16,3.35928e-05
89,16,3.4024e-05
90,16,3.42838e-05
91,16,3.56771e-05
92,16,3.3522e-05
93,16,3.2872e-05
94,16,3.52366e-05
95,16,3.3753e-05
96,16,3.35835e-05
97,16,3.38927e-05
98,16,3.40836e-05
99,16,3.40333e-05
0,32,0.0105599
1,32,3.66392e-05
2,32,3.51956e-05
3,32,3.20598e-05
4,32,3.3794e-05
5,32,3.34224e-05
6,32,5.24279e-05
7,32,4.93927e-05
8,32,3.35136e-05
9,32,4.57261e-05
10,32,3.20608e-05
11,32,4.06457e-05
12,32,3.3753e-05
13,32,3.27015e-05
14,32,3.0227e-05
15,32,3.29614e-05
16,32,3.22107e-05
17,32,4.14271e-05
18,32,3.18699e-05
19,32,3.09376e-05
20,32,3.30312e-05
21,32,3.18596e-05
22,32,3.34131e-05
23,32,3.16398e-05
24,32,3.25916e-05
25,32,3.15094e-05
26,32,5.21187e-05
27,32,4.55547e-05
28,32,3.3373e-05
29,32,3.21297e-05
30,32,3.25814e-05
31,32,3.42242e-05
32,32,4.52437e-05
33,32,3.1149e-05
34,32,3.22899e-05
35,32,3.27909e-05
36,32,5.59855e-05
37,32,3.21809e-05
38,32,4.43831e-05
39,32,3.19201e-05
40,32,3.40724e-05
41,32,3.25106e-05
42,32,3.38331e-05
43,32,3.34829e-05
44,32,3.2451e-05
45,32,3.27704e-05
46,32,4.86709e-05
47,32,3.64576e-05
48,32,3.30918e-05
49,32,3.1109e-05
50,32,4.17382e-05
51,32,3.29213e-05
52,32,4.88218e-05
53,32,3.23607e-05
54,32,3.14796e-05
55,32,4.34807e-05
56,32,3.23104e-05
57,32,3.19295e-05
58,32,3.55057e-05
59,32,3.32817e-05
60,32,3.27909e-05
61,32,3.69791e-05
62,32,4.60157e-05
63,32,3.53865e-05
64,32,3.36533e-05
65,32,3.29409e-05
66,32,3.23309e-05
67,32,4.55864e-05
68,32,3.29623e-05
69,32,4.53852e-05
70,32,3.65581e-05
71,32,3.11779e-05
72,32,3.68785e-05
73,32,3.28626e-05
74,32,4.56963e-05
75,32,4.66378e-05
76,32,3.24408e-05
77,32,4.19887e-05
78,32,4.18583e-05
79,32,2.87937e-05
80,32,3.21912e-05
81,32,3.06573e-05
82,32,5.06351e-05
83,32,3.23597e-05
84,32,3.19397e-05
85,32,4.64069e-05
86,32,3.22899e-05
87,32,4.62867e-05
88,32,4.89326e-05
89,32,4.10769e-05
90,32,4.84902e-05
91,32,4.37014e-05
92,32,3.67388e-05
93,32,3.99845e-05
94,32,4.36008e-05
95,32,4.61359e-05
96,32,3.30424e-05
97,32,3.93428e-05
98,32,3.51854e-05
99,32,3.20598e-05
0,64,0.0105375
1,64,3.76515e-05
2,64,3.55365e-05
3,64,3.73395e-05
4,64,3.44049e-05
5,64,3.42438e-05
6,64,3.51062e-05
7,64,3.55272e-05
8,64,3.41833e-05
9,64,3.49954e-05
10,64,3.52059e-05
11,64,3.56678e-05
12,64,3.47458e-05
13,64,3.57479e-05
14,64,3.41842e-05
15,64,3.46852e-05
16,64,3.98252e-05
17,64,3.38024e-05
18,64,3.4445e-05
19,64,3.32026e-05
20,64,3.30415e-05
21,64,3.54266e-05
22,64,3.50159e-05
23,64,3.37232e-05
24,64,3.40827e-05
25,64,3.72902e-05
26,64,3.39746e-05
27,64,3.34932e-05
28,64,3.51463e-05
29,64,3.26503e-05
30,64,3.73702e-05
31,64,3.43239e-05
32,64,3.33935e-05
33,64,3.42047e-05
34,64,3.6478e-05
35,64,3.48166e-05
36,64,3.35835e-05
37,64,3.6939e-05
38,64,3.39132e-05
39,64,3.26214e-05
40,64,3.44543e-05
41,64,3.43444e-05
42,64,3.63393e-05
43,64,3.32026e-05
44,64,3.4865e-05
45,64,3.43136e-05
46,64,3.54871e-05
47,64,3.40343e-05
48,64,3.3943e-05
49,64,3.40631e-05
50,64,3.55355e-05
51,64,3.43435e-05
52,64,3.45958e-05
53,64,3.30918e-05
54,64,3.42345e-05
55,64,3.49348e-05
56,64,3.40641e-05
57,64,3.67193e-05
58,64,3.44748e-05
59,64,3.40743e-05
60,64,3.57768e-05
61,64,3.44738e-05
62,64,3.34932e-05
63,64,3.42242e-05
64,64,3.71505e-05
65,64,3.44245e-05
66,64,3.38629e-05
67,64,3.48361e-05
68,64,3.50159e-05
69,64,3.59872e-05
70,64,3.34522e-05
71,64,3.26214e-05
72,64,3.72296e-05
73,64,3.56073e-05
74,64,3.4485e-05
75,64,3.36226e-05
76,64,3.62983e-05
77,64,3.54461e-05
78,64,3.50662e-05
79,64,3.34335e-05
80,64,3.41237e-05
81,64,3.58475e-05
82,64,3.44655e-05
83,64,3.47355e-05
84,64,3.43639e-05
85,64,3.63681e-05
86,64,3.32939e-05
87,64,3.27304e-05
88,64,3.44235e-05
89,64,3.63374e-05
90,64,3.38424e-05
91,64,3.41432e-05
92,64,3.40743e-05
93,64,3.38228e-05
94,64,3.89926e-05
95,64,3.44338e-05
96,64,3.45549e-05
97,64,3.43444e-05
98,64,3.51658e-05
99,64,3.31122e-05
0,128,0.0105297
1,128,3.78406e-05
2,128,3.70601e-05
3,128,3.57768e-05
4,128,3.69586e-05
5,128,3.83211e-05
6,128,3.56073e-05
7,128,3.62284e-05
8,128,3.74699e-05
9,128,3.50159e-05
10,128,3.61372e-05
11,128,3.59984e-05
12,128,3.33833e-05
13,128,3.46648e-05
14,128,3.52059e-05
15,128,3.45949e-05
16,128,3.43435e-05
17,128,3.58783e-05
18,128,3.50755e-05
19,128,3.4214e-05
20,128,3.60878e-05
21,128,3.54974e-05
22,128,3.65488e-05
23,128,3.47057e-05
24,128,3.34224e-05
25,128,3.55961e-05
26,128,3.48547e-05
27,128,3.58978e-05
28,128,3.44552e-05
29,128,3.49255e-05
30,128,3.38443e-05
31,128,3.37437e-05
32,128,3.57572e-05
33,128,3.56669e-05
34,128,3.54061e-05
35,128,3.45353e-05
36,128,3.4174e-05
37,128,3.87933e-05
38,128,3.81507e-05
39,128,3.53064e-05
40,128,3.56473e-05
41,128,3.51956e-05
42,128,3.40734e-05
43,128,3.64184e-05
44,128,3.34224e-05
45,128,3.48948e-05
46,128,3.46852e-05
47,128,3.52859e-05
48,128,3.32734e-05
49,128,3.50149e-05
50,128,3.51556e-05
51,128,3.51742e-05
52,128,3.57069e-05
53,128,3.53074e-05
54,128,3.69698e-05
55,128,3.65283e-05
56,128,3.77512e-05
57,128,3.58867e-05
58,128,3.7631e-05
59,128,3.62378e-05
60,128,3.46648e-05
61,128,4.61163e-05
62,128,3.44543e-05
63,128,3.38126e-05
64,128,3.61083e-05
65,128,3.74811e-05
66,128,3.52561e-05
67,128,3.54769e-05
68,128,3.3984e-05
69,128,3.5096e-05
70,128,3.61372e-05
71,128,3.64678e-05
72,128,3.55765e-05
73,128,3.80212e-05
74,128,3.53856e-05
75,128,3.58876e-05
76,128,3.51556e-05
77,128,3.48948e-05
78,128,3.61977e-05
79,128,3.51463e-05
80,128,3.48352e-05
81,128,3.56268e-05
82,128,3.45344e-05
83,128,3.49656e-05
84,128,3.59081e-05
85,128,3.40035e-05
86,128,3.54974e-05
87,128,3.38135e-05
88,128,3.49749e-05
89,128,3.59565e-05
90,128,3.42047e-05
91,128,3.51155e-05
92,128,3.60776e-05
93,128,3.46964e-05
94,128,3.60468e-05
95,128,3.7781e-05
96,128,3.50848e-05
97,128,3.56566e-05
98,128,3.41833e-05
99,128,3.52459e-05
0,256,0.010578
1,256,4.08059e-05
2,256,3.81805e-05
3,256,4.60362e-05
4,256,3.82913e-05
5,256,3.70592e-05
6,256,3.65786e-05
7,256,3.80501e-05
8,256,3.88129e-05
9,256,3.67183e-05
10,256,3.80315e-05
11,256,3.6628e-05
12,256,3.64473e-05
13,256,3.97153e-05
14,256,3.78909e-05
15,256,3.65777e-05
16,256,3.8282e-05
17,256,3.62676e-05
18,256,3.68683e-05
19,256,3.70787e-05
20,256,3.89237e-05
21,256,3.64082e-05
22,256,3.80911e-05
23,256,3.60478e-05
24,256,3.81907e-05
25,256,3.64585e-05
26,256,3.6899e-05
27,256,3.66084e-05
28,256,3.6709e-05
29,256,3.59872e-05
30,256,3.67388e-05
31,256,3.6859e-05
32,256,3.67891e-05
33,256,3.77512e-05
34,256,3.698e-05
35,256,3.83519e-05
36,256,3.59677e-05
37,256,3.61279e-05
38,256,3.66587e-05
39,256,3.56976e-05
40,256,3.75016e-05
41,256,3.63085e-05
42,256,3.7591e-05
43,256,3.55672e-05
44,256,3.72399e-05
45,256,3.73498e-05
46,256,3.81209e-05
47,256,3.717e-05
48,256,3.65982e-05
49,256,4.0466e-05
50,256,3.9163e-05
51,256,3.66587e-05
52,256,3.85521e-05
53,256,3.64883e-05
54,256,3.71691e-05
55,256,3.75398e-05
56,256,3.83724e-05
57,256,3.6899e-05
58,256,3.73395e-05
59,256,3.69195e-05
60,256,3.81116e-05
61,256,3.75807e-05
62,256,4.15687e-05
63,256,3.65777e-05
64,256,3.91528e-05
65,256,3.72091e-05
66,256,3.77614e-05
67,256,3.76413e-05
68,256,3.78108e-05
69,256,3.91928e-05
70,256,3.72203e-05
71,256,3.62182e-05
72,256,3.75612e-05
73,256,3.65786e-05
74,256,3.65693e-05
75,256,3.63775e-05
76,256,3.65991e-05
77,256,3.78713e-05
78,256,3.76208e-05
79,256,3.78611e-05
80,256,3.68785e-05
81,256,3.78713e-05
82,256,3.86732e-05
83,256,3.89628e-05
84,256,3.63188e-05
85,256,3.78313e-05
86,256,3.7971e-05
87,256,3.72101e-05
88,256,3.72482e-05
89,256,3.6899e-05
90,256,3.77707e-05
91,256,3.61186e-05
92,256,3.96241e-05
93,256,3.72604e-05
94,256,3.67295e-05
95,256,3.84329e-05
96,256,3.68189e-05
97,256,3.81023e-05
98,256,3.78611e-05
99,256,3.80911e-05
0,512,0.010532
1,512,4.21694e-05
2,512,4.0736e-05
3,512,3.83118e-05
4,512,3.76496e-05
5,512,3.86927e-05
6,512,3.92534e-05
7,512,3.81824e-05
8,512,3.8052e-05
9,512,4.10276e-05
10,512,3.79309e-05
11,512,3.92543e-05
12,512,3.69092e-05
13,512,3.83118e-05
14,512,3.94536e-05
15,512,3.89926e-05
16,512,3.83118e-05
17,512,3.77214e-05
18,512,3.72697e-05
19,512,3.91044e-05
20,512,3.76599e-05
21,512,3.93344e-05
22,512,3.75798e-05
23,512,3.8933e-05
24,512,3.7781e-05
25,512,3.778e-05
26,512,3.89433e-05
27,512,3.755e-05
28,512,3.77418e-05
29,512,3.75509e-05
30,512,3.6669e-05
31,512,3.94341e-05
32,512,3.86834e-05
33,512,3.76012e-05
34,512,3.85214e-05
35,512,3.71188e-05
36,512,3.89824e-05
37,512,3.74699e-05
38,512,3.88632e-05
39,512,3.88436e-05
40,512,3.73004e-05
41,512,3.97246e-05
42,512,3.81321e-05
43,512,3.84022e-05
44,512,3.7821e-05
45,512,3.81805e-05
46,512,3.68692e-05
47,512,3.80613e-05
48,512,3.73004e-05
49,512,3.83323e-05
50,512,3.85428e-05
51,512,3.82718e-05
52,512,4.76083e-05
53,512,3.89125e-05
54,512,3.83928e-05
55,512,3.78713e-05
56,512,3.83724e-05
57,512,3.85521e-05
58,512,3.72604e-05
59,512,3.80911e-05
60,512,3.84422e-05
61,512,3.75509e-05
62,512,4.60856e-05
63,512,3.81703e-05
64,512,3.82923e-05
65,512,3.85931e-05
66,512,3.72995e-05
67,512,3.85931e-05
68,512,3.72389e-05
69,512,3.74811e-05
70,512,3.83817e-05
71,512,3.91537e-05
72,512,3.65078e-05
73,512,3.97349e-05
74,512,3.86033e-05
75,512,3.77912e-05
76,512,3.60878e-05
77,512,3.76711e-05
78,512,3.96641e-05
79,512,3.80212e-05
80,512,3.83118e-05
81,512,3.79905e-05
82,512,3.71989e-05
83,512,3.81712e-05
84,512,3.74299e-05
85,512,3.89926e-05
86,512,3.87523e-05
87,512,3.8052e-05
88,512,3.87626e-05
89,512,4.05665e-05
90,512,3.84217e-05
91,512,3.89228e-05
92,512,3.76208e-05
93,512,3.69586e-05
94,512,4.41624e-05
95,512,3.82112e-05
96,512,3.3142e-05
97,512,3.42643e-05
98,512,3.80315e-05
99,512,3.91938e-05
0,1024,0.0106695
1,1024,4.59664e-05
2,1024,4.21088e-05
3,1024,4.25698e-05
4,1024,4.23389e-05
5,1024,4.13777e-05
6,1024,4.08953e-05
7,1024,4.14681e-05
8,1024,4.05954e-05
9,1024,4.30513e-05
10,1024,4.01754e-05
11,1024,4.4032e-05
12,1024,4.20185e-05
13,1024,4.31817e-05
14,1024,4.00348e-05
15,1024,4.08273e-05
16,1024,4.00255e-05
17,1024,3.98951e-05
18,1024,4.07156e-05
19,1024,4.35915e-05
20,1024,4.10974e-05
21,1024,3.98858e-05
22,1024,3.90839e-05
23,1024,4.35626e-05
24,1024,4.00245e-05
25,1024,4.14383e-05
26,1024,4.01763e-05
27,1024,4.06159e-05
28,1024,4.22606e-05
29,1024,4.26695e-05
30,1024,4.06476e-05
31,1024,3.97144e-05
32,1024,3.87933e-05
33,1024,4.5225e-05
34,1024,3.9163e-05
35,1024,4.14876e-05
36,1024,4.0967e-05
37,1024,4.15174e-05
38,1024,4.21787e-05
39,1024,4.26089e-05
40,1024,4.56944e-05
41,1024,4.02965e-05
42,1024,3.88119e-05
43,1024,4.10667e-05
44,1024,4.0275e-05
45,1024,4.05665e-05
46,1024,4.02648e-05
47,1024,4.04865e-05
48,1024,4.10974e-05
49,1024,4.11374e-05
50,1024,4.03961e-05
51,1024,4.51356e-05
52,1024,3.99454e-05
53,1024,4.15677e-05
54,1024,4.26602e-05
55,1024,4.09978e-05
56,1024,4.06057e-05
57,1024,4.3883e-05
58,1024,4.09577e-05
59,1024,4.42937e-05
60,1024,4.16888e-05
61,1024,4.12874e-05
62,1024,4.98742e-05
63,1024,4.02145e-05
64,1024,4.11971e-05
65,1024,4.08972e-05
66,1024,4.09577e-05
67,1024,4.26695e-05
68,1024,4.10369e-05
69,1024,4.07072e-05
70,1024,3.80222e-05
71,1024,4.10676e-05
72,1024,4.02248e-05
73,1024,4.1157e-05
74,1024,4.19794e-05
75,1024,3.99649e-05
76,1024,4.02862e-05
77,1024,4.11076e-05
78,1024,4.14886e-05
79,1024,4.01465e-05
80,1024,4.54849e-05
81,1024,4.20688e-05
82,1024,3.89135e-05
83,1024,4.20697e-05
84,1024,4.01847e-05
85,1024,4.11673e-05
86,1024,4.16078e-05
87,1024,4.21088e-05
88,1024,4.03961e-05
89,1024,4.13386e-05
90,1024,4.15184e-05
91,1024,4.10974e-05
92,1024,4.24087e-05
93,1024,4.12166e-05
94,1024,5.0785e-05
95,1024,4.42024e-05
96,1024,5.03138e-05
97,1024,3.98848e-05
98,1024,4.27905e-05
99,1024,4.33913e-05
0,2048,0.0105503
1,2048,9.57893e-05
2,2048,6.22571e-05
3,2048,4.4995e-05
4,2048,4.28203e-05
5,2048,4.40832e-05
6,2048,4.26397e-05
7,2048,4.63063e-05
8,2048,4.37023e-05
9,2048,4.07267e-05
10,2048,4.19281e-05
11,2048,4.16683e-05
12,2048,4.92819e-05
13,2048,4.5496e-05
14,2048,4.32907e-05
15,2048,4.33512e-05
16,2048,7.73352e-05
17,2048,4.1578e-05
18,2048,4.28408e-05
19,2048,4.10667e-05
20,2048,4.33605e-05
21,2048,5.40717e-05
22,2048,4.54942e-05
23,2048,4.17782e-05
24,2048,4.06057e-05
25,2048,4.41214e-05
26,2048,4.12371e-05
27,2048,4.16078e-05
28,2048,4.17689e-05
29,2048,4.09866e-05
30,2048,4.22793e-05
31,2048,4.32003e-05
32,2048,4.31202e-05
33,2048,4.46439e-05
34,2048,4.22196e-05
35,2048,4.45032e-05
36,2048,4.15882e-05
37,2048,4.64367e-05
38,2048,4.42229e-05
39,2048,4.12762e-05
40,2048,4.3381e-05
41,2048,4.08571e-05
42,2048,4.09568e-05
43,2048,4.37312e-05
44,2048,4.46131e-05
45,2048,4.05861e-05
46,2048,4.19775e-05
47,2048,4.24096e-05
48,2048,4.28101e-05
49,2048,4.1307e-05
50,2048,4.12175e-05
51,2048,4.19486e-05
52,2048,4.28809e-05
53,2048,4.09773e-05
54,2048,4.00748e-05
55,2048,3.98541e-05
56,2048,4.33503e-05
57,2048,4.10369e-05
58,2048,4.66481e-05
59,2048,4.53349e-05
60,2048,4.14383e-05
61,2048,4.16087e-05
62,2048,4.14578e-05
63,2048,3.90336e-05
64,2048,4.13181e-05
65,2048,3.91332e-05
66,2048,3.99547e-05
67,2048,4.90723e-05
68,2048,3.9584e-05
69,2048,4.18583e-05
70,2048,4.27198e-05
71,2048,4.13284e-05
72,2048,4.24804e-05
73,2048,4.22783e-05
74,2048,4.14681e-05
75,2048,4.26294e-05
76,2048,4.08776e-05
77,2048,4.04259e-05
78,2048,4.15184e-05
79,2048,4.08571e-05
80,2048,4.24795e-05
81,2048,4.17987e-05
82,2048,4.32106e-05
83,2048,4.08068e-05
84,2048,4.06662e-05
85,2048,4.254e-05
86,2048,4.03356e-05
87,2048,4.12669e-05
88,2048,4.15584e-05
89,2048,4.19077e-05
90,2048,4.02657e-05
91,2048,5.1396e-05
92,2048,4.19579e-05
93,2048,4.19989e-05
94,2048,5.03045e-05
95,2048,4.20595e-05
96,2048,4.17978e-05
97,2048,4.17484e-05
98,2048,4.0696e-05
99,2048,4.17382e-05
0,4096,0.0105752
1,4096,5.86398e-05
2,4096,5.43622e-05
3,4096,5.37112e-05
4,4096,4.58565e-05
5,4096,4.32311e-05
6,4096,4.7409e-05
7,4096,4.48143e-05
8,4096,5.28088e-05
9,4096,5.43417e-05
10,4096,4.59868e-05
11,4096,4.17875e-05
12,4096,5.37904e-05
13,4096,5.33098e-05
14,4096,5.32605e-05
15,4096,6.08442e-05
16,4096,5.96615e-05
17,4096,5.77997e-05
18,4096,5.36498e-05
19,4096,5.37196e-05
20,4096,6.23073e-05
21,4096,6.1675e-05
22,4096,6.24871e-05
23,4096,6.4481e-05
24,4096,6.1335e-05
25,4096,6.38086e-05
26,4096,6.07744e-05
27,4096,6.21267e-05
28,4096,6.16154e-05
29,4096,6.25169e-05
30,4096,6.26473e-05
31,4096,6.33784e-05
32,4096,6.27069e-05
33,4096,6.38003e-05
34,4096,6.38198e-05
35,4096,6.1946e-05
36,4096,6.2447e-05
37,4096,6.34491e-05
38,4096,6.24768e-05
39,4096,6.33784e-05
40,4096,6.1525e-05
41,4096,6.27879e-05
42,4096,6.27674e-05
43,4096,6.91786e-05
44,4096,6.15148e-05
45,4096,6.95605e-05
46,4096,6.21667e-05
47,4096,6.21956e-05
48,4096,6.08834e-05
49,4096,6.38189e-05
50,4096,6.28671e-05
51,4096,4.49354e-05
52,4096,6.18761e-05
53,4096,7.90982e-05
54,4096,4.3883e-05
55,4096,8.22134e-05
56,4096,4.31808e-05
57,4096,8.40677e-05
58,4096,7.9629e-05
59,4096,4.31696e-05
60,4096,8.99872e-05
61,4096,4.27198e-05
62,4096,8.04914e-05
63,4096,7.9249e-05
64,4096,0.00010127
65,4096,4.43943e-05
66,4096,8.05911e-05
67,4096,8.23736e-05
68,4096,8.02511e-05
69,4096,8.0511e-05
70,4096,7.91997e-05
71,4096,8.09701e-05
72,4096,8.01105e-05
73,4096,8.13622e-05
74,4096,8.2775e-05
75,4096,7.98395e-05
76,4096,8.55196e-05
77,4096,8.14926e-05
78,4096,8.50894e-05
79,4096,7.93692e-05
80,4096,8.0131e-05
81,4096,8.11424e-05
82,4096,8.00397e-05
83,4096,8.18232e-05
84,4096,8.07121e-05
85,4096,7.9779e-05
86,4096,4.39724e-05
87,4096,8.13119e-05
88,4096,4.28203e-05
89,4096,6.2407e-05
90,4096,6.10352e-05
91,4096,4.86411e-05
92,4096,6.16061e-05
93,4096,6.22356e-05
94,4096,6.19674e-05
95,4096,6.43916e-05
96,4096,6.14952e-05
97,4096,6.36904e-05
98,4096,6.12447e-05
99,4096,6.14347e-05
0,8192,0.0105988
1,8192,6.38198e-05
2,8192,5.85495e-05
3,8192,5.40912e-05
4,8192,5.4202e-05
5,8192,5.61355e-05
6,8192,5.35203e-05
7,8192,5.11566e-05
8,8192,5.50831e-05
9,8192,5.62761e-05
10,8192,5.63748e-05
11,8192,5.56437e-05
12,8192,5.42421e-05
13,8192,7.1384e-05
14,8192,5.70277e-05
15,8192,5.6426e-05
16,8192,5.78687e-05
17,8192,6.72555e-05
18,8192,5.37308e-05
19,8192,5.37299e-05
20,8192,5.61746e-05
21,8192,7.37691e-05
22,8192,5.69467e-05
23,8192,5.64149e-05
24,8192,6.88387e-05
25,8192,5.62156e-05
26,8192,6.16852e-05
27,8192,6.98008e-05
28,8192,5.73481e-05
29,8192,6.93696e-05
30,8192,5.40707e-05
31,8192,5.89406e-05
32,8192,5.28796e-05
33,8192,5.94808e-05
34,8192,5.46528e-05
35,8192,5.62351e-05
36,8192,5.37215e-05
37,8192,5.50738e-05
38,8192,6.5513e-05
39,8192,5.65955e-05
40,8192,5.18775e-05
41,8192,5.4162e-05
42,8192,5.20973e-05
43,8192,5.2128e-05
44,8192,5.30491e-05
45,8192,5.51222e-05
46,8192,5.33201e-05
47,8192,5.4813e-05
48,8192,5.28488e-05
49,8192,6.11851e-05
50,8192,5.30994e-05
51,8192,5.51846e-05
52,8192,5.66561e-05
53,8192,5.12758e-05
54,8192,5.38509e-05
55,8192,5.57844e-05
56,8192,5.53941e-05
57,8192,5.38211e-05
58,8192,5.55739e-05
59,8192,5.39618e-05
60,8192,5.30304e-05
61,8192,5.12563e-05
62,8192,5.31804e-05
63,8192,5.96019e-05
64,8192,5.29392e-05
65,8192,5.75483e-05
66,8192,5.38109e-05
67,8192,5.3891e-05
68,8192,5.347e-05
69,8192,5.45429e-05
70,8192,5.33005e-05
71,8192,6.10333e-05
72,8192,5.5695e-05
73,8192,5.85793e-05
74,8192,5.33303e-05
75,8192,5.25992e-05
76,8192,5.25685e-05
77,8192,5.49331e-05
78,8192,5.343e-05
79,8192,6.04531e-05
80,8192,5.33303e-05
81,8192,5.44824e-05
82,8192,5.37913e-05
83,8192,6.17364e-05
84,8192,5.324e-05
85,8192,5.3701e-05
86,8192,5.45615e-05
87,8192,6.54934e-05
88,8192,5.34803e-05
89,8192,6.16349e-05
90,8192,5.35101e-05
91,8192,5.6887e-05
92,8192,6.06934e-05
93,8192,5.58849e-05
94,8192,6.63437e-05
95,8192,5.29783e-05
96,8192,5.41322e-05
97,8192,5.32204e-05
98,8192,5.28404e-05
99,8192,5.865e-05
0,16384,0.0107135
1,16384,0.000150742
2,16384,0.000145312
3,16384,0.000138599
4,16384,0.000149139
5,16384,0.0001387
6,16384,0.000142286
7,16384,0.000140304
8,16384,0.000151113
9,16384,0.000137598
10,16384,0.000141214
11,16384,0.000142347
12,16384,0.000137649
13,16384,0.000151043
14,16384,0.000139782
15,16384,0.000141895
16,16384,0.000140926
17,16384,0.000150042
18,16384,0.000144451
19,16384,0.000142077
20,16384,0.000142077
21,16384,0.000151214
22,16384,0.000140754
23,16384,0.000146476
24,16384,0.000140243
25,16384,0.000140854
26,16384,0.000145503
27,16384,0.000147056
28,16384,0.000142998
29,16384,0.000141164
30,16384,0.000142137
31,16384,0.000144902
32,16384,0.000150552
33,16384,0.000142457
34,16384,0.000133871
35,16384,0.000110277
36,16384,0.000113122
37,16384,0.000105307
38,16384,0.0001065
39,16384,0.000112551
40,16384,0.000115687
41,16384,0.000114526
42,16384,0.000119444
43,16384,0.000125185
44,16384,0.000112561
45,16384,0.000111719
46,16384,0.000109576
47,16384,0.000105678
48,16384,0.000105498
49,16384,0.00011215
50,16384,0.000104506
51,16384,0.000107412
52,16384,0.000108122
53,16384,0.00011192
54,16384,0.000124233
55,16384,0.000107111
56,16384,0.000104095
57,16384,0.000116098
58,16384,0.000119243
59,16384,0.000104486
60,16384,0.000105378
61,16384,0.000109545
62,16384,0.000110387
63,16384,0.000120446
64,16384,7.31777e-05
65,16384,0.000107992
66,16384,7.40886e-05
67,16384,0.00012298
68,16384,7.17053e-05
69,16384,7.36173e-05
70,16384,7.31777e-05
71,16384,7.69943e-05
72,16384,0.000149851
73,16384,7.38781e-05
74,16384,7.38092e-05
75,16384,7.37393e-05
76,16384,8.72537e-05
77,16384,0.000145954
78,16384,7.31377e-05
79,16384,7.24364e-05
80,16384,0.000141926
81,16384,0.000147916
82,16384,0.000143198
83,16384,7.19652e-05
84,16384,7.11437e-05
85,16384,0.000156023
86,16384,0.000142568
87,16384,7.25752e-05
88,16384,0.000139982
89,16384,0.000146936
90,16384,0.000146575
91,16384,7.12546e-05
92,16384,0.000140423
93,16384,0.000143318
94,16384,0.000148418
95,16384,0.000145142
96,16384,0.000143168
97,16384,0.000142998
98,16384,0.00014942
99,16384,0.000149108
0,32768,0.010674
1,32768,0.000110326
2,32768,9.59793e-05
3,32768,9.40263e-05
4,32768,0.00012186
5,32768,0.000136236
6,32768,0.00013867
7,32768,0.000144501
8,32768,0.000139211
9,32768,0.000146263
10,32768,0.000137867
11,32768,0.000141515
12,32768,0.000146746
13,32768,0.000142908
14,32768,0.000134943
15,32768,0.00014939
16,32768,0.000141024
17,32768,0.000135855
18,32768,0.000148599
19,32768,0.00013356
20,32768,0.000140163
21,32768,0.000141325
22,32768,0.000145433
23,32768,0.000136436
24,32768,0.000146395
25,32768,0.000145583
26,32768,0.000145733
27,32768,0.000141406
28,32768,0.00013871
29,32768,0.000140513
30,32768,0.000139943
31,32768,0.000135474
32,32768,0.000155552
33,32768,0.000142767
34,32768,0.000148478
35,32768,0.000141745
36,32768,0.000139402
37,32768,0.000148146
38,32768,0.000171181
39,32768,0.000180478
40,32768,0.000163406
41,32768,0.000163737
42,32768,0.000178394
43,32768,0.000189576
44,32768,0.000178524
45,32768,0.000191408
46,32768,0.00017614
47,32768,0.000179016
48,32768,0.000164919
49,32768,0.000174997
50,32768,0.000167214
51,32768,0.000172033
52,32768,0.000160621
53,32768,0.000168837
54,32768,0.000166342
55,32768,0.000161563
56,32768,0.000171762
57,32768,0.000167996
58,32768,0.000168787
59,32768,0.000168726
60,32768,0.000168266
61,32768,0.000168646
62,32768,0.000165731
63,32768,0.000198953
64,32768,0.00017096
65,32768,0.000170029
66,32768,0.000165462
67,32768,0.000173786
68,32768,0.000168305
69,32768,0.000171942
70,32768,0.000189315
71,32768,0.000134261
72,32768,0.000141415
73,32768,0.000158677
74,32768,0.000134362
75,32768,0.000148548
76,32768,0.000138409
77,32768,0.000139581
78,32768,0.000288251
79,32768,0.000147997
80,32768,0.000135885
81,32768,0.000134703
82,32768,0.000141216
83,32768,0.00013877
84,32768,0.000136285
85,32768,0.000140622
86,32768,0.000136396
87,32768,0.000145012
88,32768,0.000137047
89,32768,0.000136767
90,32768,0.000135915
91,32768,0.000133871
92,32768,0.000133029
93,32768,0.000130525
94,32768,0.000151934
95,32768,0.000146946
96,32768,0.000154169
97,32768,0.000134903
98,32768,0.000135975
99,32768,0.000140633
0,65536,0.0115078
1,65536,0.000835907
2,65536,0.000827281
3,65536,0.000829385
4,65536,0.000819235
5,65536,0.00082124
6,65536,0.000821601
7,65536,0.00082135
8,65536,0.000834074
9,65536,0.000818945
10,65536,0.000817853
11,65536,0.000821781
12,65536,0.000827141
13,65536,0.000817393
14,65536,0.00081599
15,65536,0.000817272
16,65536,0.000823213
17,65536,0.000836448
18,65536,0.000838923
19,65536,0.000838432
20,65536,0.000838822
21,65536,0.000841367
22,65536,0.000839113
23,65536,0.000847929
24,65536,0.000839964
25,65536,0.000841237
26,65536,0.000838251
27,65536,0.000839803
28,65536,0.00083758
29,65536,0.0008375
30,65536,0.00084843
31,65536,0.000847739
32,65536,0.000833263
33,65536,0.000838683
34,65536,0.00083718
35,65536,0.000836358
36,65536,0.000838012
37,65536,0.000844583
38,65536,0.000843101
39,65536,0.00084307
40,65536,0.000845226
41,65536,0.000840055
42,65536,0.000847479
43,65536,0.000836247
44,65536,0.000848711
45,65536,0.000847699
46,65536,0.000850945
47,65536,0.000850926
48,65536,0.000852758
49,65536,0.000849541
50,65536,0.000843061
51,65536,0.000853911
52,65536,0.000851436
53,65536,0.00084794
54,65536,0.000835717
55,65536,0.000848452
56,65536,0.000840866
57,65536,0.000843432
58,65536,0.000837301
59,65536,0.000842199
60,65536,0.000837451
61,65536,0.000842049
62,65536,0.000840405
63,65536,0.000842219
64,65536,0.000859161
65,65536,0.000839454
66,65536,0.000839494
67,65536,0.000860253
68,65536,0.000839073
69,65536,0.000837731
70,65536,0.000837269
71,65536,0.000835847
72,65536,0.00084256
73,65536,0.000839394
74,65536,0.000860112
75,65536,0.000844163
76,65536,0.000841427
77,65536,0.000860012
78,65536,0.00082142
79,65536,0.000836369
80,65536,0.000844402
81,65536,0.000838933
82,65536,0.000839754
83,65536,0.000841247
84,65536,0.000837681
85,65536,0.000839254
86,65536,0.000841066
87,65536,0.000846256
88,65536,0.000841809
89,65536,0.000843733
90,65536,0.000833763
91,65536,0.000842279
92,65536,0.000840175
93,65536,0.0008371
94,65536,0.000837159
95,65536,0.000839763
96,65536,0.000835797
97,65536,0.000841107
98,65536,0.000834655
99,65536,0.000840366
0,131072,0.0119441
1,131072,0.00138947
2,131072,0.00138465
3,131072,0.00139886
4,131072,0.00138607
5,131072,0.00138295
6,131072,0.00139879
7,131072,0.00159783
8,131072,0.00151424
9,131072,0.00145714
10,131072,0.00140728
11,131072,0.0015348
12,131072,0.0013843
13,131072,0.00138842
14,131072,0.00139982
15,131072,0.00140695
16,131072,0.00140263
17,131072,0.00140673
18,131072,0.00140428
19,131072,0.00140238
20,131072,0.00140343
21,131072,0.00141465
22,131072,0.00140311
23,131072,0.00140709
24,131072,0.00140569
25,131072,0.0014049
26,131072,0.00140212
27,131072,0.00139835
28,131072,0.00140376
29,131072,0.00139998
30,131072,0.00142382
31,131072,0.00140235
32,131072,0.00140195
33,131072,0.0014038
34,131072,0.0014034
35,131072,0.00140284
36,131072,0.00140212
37,131072,0.00140921
38,131072,0.0014031
39,131072,0.00140002
40,131072,0.00139946
41,131072,0.00140577
42,131072,0.00140253
43,131072,0.00139874
44,131072,0.00140488
45,131072,0.00140436
46,131072,0.00140256
47,131072,0.00140252
48,131072,0.00141256
49,131072,0.00140553
50,131072,0.00140107
51,131072,0.00140421
52,131072,0.00139834
53,131072,0.00140584
54,131072,0.00141496
55,131072,0.0014158
56,131072,0.00140149
57,131072,0.001403
58,131072,0.00139877
59,131072,0.00140272
60,131072,0.00139975
61,131072,0.00140296
62,131072,0.00139958
63,131072,0.00142305
64,131072,0.00140851
65,131072,0.00141339
66,131072,0.00140561
67,131072,0.00141132
68,131072,0.00140197
69,131072,0.00141602
70,131072,0.00139931
71,131072,0.00140247
72,131072,0.00139933
73,131072,0.00140637
74,131072,0.00139907
75,131072,0.00140228
76,131072,0.00139646
77,131072,0.00141342
78,131072,0.00140828
79,131072,0.00142108
80,131072,0.00139807
81,131072,0.00140335
82,131072,0.00140277
83,131072,0.00141763
84,131072,0.00140063
85,131072,0.00140326
86,131072,0.00140036
87,131072,0.00142222
88,131072,0.00140154
89,131072,0.00140777
90,131072,0.00141345
91,131072,0.00139896
92,131072,0.00142791
93,131072,0.00139996
94,131072,0.00141247
95,131072,0.0014024
96,131072,0.00140783
97,131072,0.00141063
98,131072,0.00142197
99,131072,0.00140224
0,262144,0.0131449
1,262144,0.00249317
2,262144,0.00248594
3,262144,0.00248459
4,262144,0.00248279
5,262144,0.00249111
6,262144,0.00249099
7,262144,0.00248375
8,262144,0.00248631
9,262144,0.00248832
10,262144,0.0024895
11,262144,0.00248517
12,262144,0.0024854
13,262144,0.00248454
14,262144,0.00248659
15,262144,0.00248657
16,262144,0.00248604
17,262144,0.00248431
18,262144,0.00249222
19,262144,0.00249498
20,262144,0.00249135
21,262144,0.00248852
22,262144,0.00248585
23,262144,0.00249259
24,262144,0.00248601
25,262144,0.00248818
26,262144,0.00248917
27,262144,0.00249337
28,262144,0.00248756
29,262144,0.00248304
30,262144,0.00248137
31,262144,0.00248233
32,262144,0.00248284
33,262144,0.00248651
34,262144,0.00248559
35,262144,0.00248703
36,262144,0.0024836
37,262144,0.00247969
38,262144,0.00248095
39,262144,0.00248293
40,262144,0.00248479
41,262144,0.00248674
42,262144,0.0024832
43,262144,0.00249328
44,262144,0.00248307
45,262144,0.00248763
46,262144,0.00248052
47,262144,0.00248918
48,262144,0.00249622
49,262144,0.00248493
50,262144,0.00249184
51,262144,0.00248389
52,262144,0.00248425
53,262144,0.00249231
54,262144,0.00248359
55,262144,0.00249106
56,262144,0.00250272
57,262144,0.00249964
58,262144,0.00248373
59,262144,0.00248439
60,262144,0.00248439
61,262144,0.00248405
62,262144,0.00248415
63,262144,0.0024835
64,262144,0.00248763
65,262144,0.0024864
66,262144,0.00249109
67,262144,0.00248771
68,262144,0.00248323
69,262144,0.00248282
70,262144,0.00248618
71,262144,0.00249203
72,262144,0.00248826
73,262144,0.00248454
74,262144,0.00248917
75,262144,0.00248593
76,262144,0.00248465
77,262144,0.00248403
78,262144,0.00248847
79,262144,0.00248621
80,262144,0.00248705
81,262144,0.00248599
82,262144,0.00248918
83,262144,0.00248546
84,262144,0.00249115
85,262144,0.00248919
86,262144,0.00248531
87,262144,0.00249355
88,262144,0.00248594
89,262144,0.00248551
90,262144,0.00249155
91,262144,0.00248856
92,262144,0.00249165
93,262144,0.00249653
94,262144,0.0024932
95,262144,0.00248174
96,262144,0.00250001
97,262144,0.00248525
98,262144,0.00248548
99,262144,0.0024832
0,524288,0.0153531
1,524288,0.00472797
2,524288,0.00473551
3,524288,0.00473029
4,524288,0.00472057
5,524288,0.00474675
6,524288,0.00471674
7,524288,0.00473217
8,524288,0.00472344
9,524288,0.00474377
10,524288,0.00473016
11,524288,0.00472245
12,524288,0.00470589
13,524288,0.004719
14,524288,0.00472849
15,524288,0.00470984
16,524288,0.0047187
17,524288,0.00471004
18,524288,0.00470312
19,524288,0.00471022
20,524288,0.00472018
21,524288,0.00471738
22,524288,0.00471895
23,524288,0.00471021
24,524288,0.00473387
25,524288,0.00472311
26,524288,0.00470723
27,524288,0.00470664
28,524288,0.00471185
29,524288,0.00472788
30,524288,0.00472865
31,524288,0.00470815
32,524288,0.00470961
33,524288,0.00471466
34,524288,0.00470846
35,524288,0.00470709
36,524288,0.00471606
37,524288,0.00470569
38,524288,0.00470355
39,524288,0.00470265
40,524288,0.00470804
41,524288,0.00474305
42,524288,0.00473363
43,524288,0.00472374
44,524288,0.00470907
45,524288,0.00470786
46,524288,0.00470468
47,524288,0.0047428
48,524288,0.00471941
49,524288,0.0047054
50,524288,0.00470439
51,524288,0.00470659
52,524288,0.00471567
53,524288,0.00472821
54,524288,0.00472861
55,524288,0.00470113
56,524288,0.00470957
57,524288,0.00473467
58,524288,0.00471199
59,524288,0.0047084
60,524288,0.00472555
61,524288,0.00470435
62,524288,0.00471968
63,524288,0.00472252
64,524288,0.00470239
65,524288,0.00471057
66,524288,0.00470629
67,524288,0.00473031
68,524288,0.00473795
69,524288,0.00474737
70,524288,0.00472074
71,524288,0.00472859
72,524288,0.00470701
73,524288,0.00472738
74,524288,0.00471458
75,524288,0.00470797
76,524288,0.00472074
77,524288,0.00472597
78,524288,0.00470212
79,524288,0.00471833
80,524288,0.00473426
81,524288,0.00474096
82,524288,0.00472011
83,524288,0.00471922
84,524288,0.00474141
85,524288,0.00472071
86,524288,0.00471457
87,524288,0.00471366
88,524288,0.00471072
89,524288,0.00472155
90,524288,0.00472846
91,524288,0.00473157
92,524288,0.00472886
93,524288,0.00470307
94,524288,0.00472848
95,524288,0.00472721
96,524288,0.0047256
97,524288,0.00470812
98,524288,0.00472921
99,524288,0.00473369
0,1048576,0.0197974
1,1048576,0.00918728
2,1048576,0.00918738
3,1048576,0.00916756
4,1048576,0.00916353
5,1048576,0.00916115
6,1048576,0.00916438
7,1048576,0.00916578
8,1048576,0.00918914
9,1048576,0.00917559
10,1048576,0.00916426
11,1048576,0.00916447
12,1048576,0.00916377
13,1048576,0.00918639
14,1048576,0.00916615
15,1048576,0.0091723
16,1048576,0.00916368
17,1048576,0.00916494
18,1048576,0.00917178
19,1048576,0.00918867
20,1048576,0.00916441
21,1048576,0.00917186
22,1048576,0.00916815
23,1048576,0.00916682
24,1048576,0.00917492
25,1048576,0.00916574
26,1048576,0.0091746
27,1048576,0.00916867
28,1048576,0.0091631
29,1048576,0.0091705
30,1048576,0.00919952
31,1048576,0.00918698
32,1048576,0.00918444
33,1048576,0.0091725
34,1048576,0.00917548
35,1048576,0.0091771
36,1048576,0.00916903
37,1048576,0.00917285
38,1048576,0.00916905
39,1048576,0.00917249
40,1048576,0.00916811
41,1048576,0.00917219
42,1048576,0.00917972
43,1048576,0.00919286
44,1048576,0.00917925
45,1048576,0.00918627
46,1048576,0.00917407
47,1048576,0.0091767
48,1048576,0.00917374
49,1048576,0.00917939
50,1048576,0.00917314
51,1048576,0.00916927
52,1048576,0.00917851
53,1048576,0.00916531
54,1048576,0.00919099
55,1048576,0.00917376
56,1048576,0.00917255
57,1048576,0.0091715
58,1048576,0.00917281
59,1048576,0.00917466
60,1048576,0.00917549
61,1048576,0.00917497
62,1048576,0.00917594
63,1048576,0.00917616
64,1048576,0.00917255
65,1048576,0.0091763
66,1048576,0.0091703
67,1048576,0.00917901
68,1048576,0.00916897
69,1048576,0.00918861
70,1048576,0.00917965
71,1048576,0.00919461
72,1048576,0.00918477
73,1048576,0.00919446
74,1048576,0.00917278
75,1048576,0.00919087
76,1048576,0.0091748
77,1048576,0.00918221
78,1048576,0.00917465
79,1048576,0.0091711
80,1048576,0.00917154
81,1048576,0.00917426
82,1048576,0.00918278
83,1048576,0.00918576
84,1048576,0.00916928
85,1048576,0.00918702
86,1048576,0.00918677
87,1048576,0.00918302
88,1048576,0.00918577
89,1048576,0.00917116
90,1048576,0.00918078
91,1048576,0.00917613
92,1048576,0.00920173
93,1048576,0.00918502
94,1048576,0.00917692
95,1048576,0.00918335
96,1048576,0.00918508
97,1048576,0.0092212
98,1048576,0.00918306
99,1048576,0.00917378
0,2097152,0.0287908
1,2097152,0.0181612
2,2097152,0.0181599
3,2097152,0.0181655
4,2097152,0.0181398
5,2097152,0.0181541
6,2097152,0.0181359
7,2097152,0.0181515
8,2097152,0.0181618
9,2097152,0.0181642
10,2097152,0.0181723
11,2097152,0.0181551
12,2097152,0.0181638
13,2097152,0.018161
14,2097152,0.0181551
15,2097152,0.0181328
16,2097152,0.0181625
17,2097152,0.018148
18,2097152,0.0181536
19,2097152,0.0181567
20,2097152,0.018165
21,2097152,0.0181611
22,2097152,0.0181637
23,2097152,0.0181778
24,2097152,0.0181732
25,2097152,0.0181667
26,2097152,0.0181547
27,2097152,0.0181599
28,2097152,0.0181576
29,2097152,0.0181523
30,2097152,0.0181572
31,2097152,0.0181697
32,2097152,0.0181779
33,2097152,0.0181546
34,2097152,0.0181558
35,2097152,0.0181825
36,2097152,0.0181586
37,2097152,0.0181567
38,2097152,0.0181871
39,2097152,0.0181694
40,2097152,0.0181549
41,2097152,0.0181569
42,2097152,0.0181616
43,2097152,0.0181649
44,2097152,0.018163
45,2097152,0.0181639
46,2097152,0.0181717
47,2097152,0.0181692
48,2097152,0.0181763
49,2097152,0.0181906
50,2097152,0.0181605
51,2097152,0.0181806
52,2097152,0.0181983
53,2097152,0.0181764
54,2097152,0.0181527
55,2097152,0.0181791
56,2097152,0.0181877
57,2097152,0.0181779
58,2097152,0.0181702
59,2097152,0.0181895
60,2097152,0.0181841
61,2097152,0.0181927
62,2097152,0.0181649
63,2097152,0.0181734
64,2097152,0.018171
65,2097152,0.0181808
66,2097152,0.0181725
67,2097152,0.0181977
68,2097152,0.0181815
69,2097152,0.018177
70,2097152,0.0181983
71,2097152,0.0181658
72,2097152,0.0181838
73,2097152,0.0181646
74,2097152,0.0181502
75,2097152,0.0181525
76,2097152,0.0181632
77,2097152,0.0181556
78,2097152,0.0181638
79,2097152,0.0181834
80,2097152,0.0181891
81,2097152,0.0181747
82,2097152,0.018196
83,2097152,0.01817
84,2097152,0.0181904
85,2097152,0.0181923
86,2097152,0.018157
87,2097152,0.0181694
88,2097152,0.0182401
89,2097152,0.0181881
90,2097152,0.0181807
91,2097152,0.0181898
92,2097152,0.0181996
93,2097152,0.0181838
94,2097152,0.0181894
95,2097152,0.0181963
96,2097152,0.0181838
97,2097152,0.0181852
98,2097152,0.0181689
99,2097152,0.0181864
0,4194304,0.0470432
1,4194304,0.036094
2,4194304,0.0360119
3,4194304,0.0360134
4,4194304,0.0360146
5,4194304,0.0360578
6,4194304,0.0360229
7,4194304,0.0360258
8,4194304,0.0360276
9,4194304,0.0359816
10,4194304,0.0359942
11,4194304,0.0360237
12,4194304,0.0360205
13,4194304,0.0360256
14,4194304,0.0360391
15,4194304,0.0360534
16,4194304,0.0360318
17,4194304,0.0361032
18,4194304,0.0360088
19,4194304,0.0360599
20,4194304,0.0360184
21,4194304,0.0360324
22,4194304,0.0360208
23,4194304,0.0360009
24,4194304,0.0360323
25,4194304,0.0360217
26,4194304,0.0361114
27,4194304,0.036005
28,4194304,0.0360219
29,4194304,0.0360175
30,4194304,0.0360285
31,4194304,0.0360248
32,4194304,0.0361825
33,4194304,0.0359965
34,4194304,0.0360228
35,4194304,0.0360446
36,4194304,0.0360286
37,4194304,0.0360423
38,4194304,0.0360412
39,4194304,0.0360327
40,4194304,0.0360165
41,4194304,0.0360902
42,4194304,0.0360379
43,4194304,0.036078
44,4194304,0.0360474
45,4194304,0.0360982
46,4194304,0.0360197
47,4194304,0.0360575
48,4194304,0.0360573
49,4194304,0.0360069
50,4194304,0.0360374
51,4194304,0.0360174
52,4194304,0.0360272
53,4194304,0.0360916
54,4194304,0.0360279
55,4194304,0.0360451
56,4194304,0.0360312
57,4194304,0.0360372
58,4194304,0.0360855
59,4194304,0.0360676
60,4194304,0.0360464
61,4194304,0.0360439
62,4194304,0.036026
63,4194304,0.0360719
64,4194304,0.0359965
65,4194304,0.0359969
66,4194304,0.0359691
67,4194304,0.0360696
68,4194304,0.0359864
69,4194304,0.0360057
70,4194304,0.0359891
71,4194304,0.036019
72,4194304,0.0359967
73,4194304,0.0359842
74,4194304,0.035975
75,4194304,0.0359952
76,4194304,0.0359929
77,4194304,0.0359752
78,4194304,0.035975
79,4194304,0.0360067
80,4194304,0.035979
81,4194304,0.0360219
82,4194304,0.0360554
83,4194304,0.0359908
84,4194304,0.0359694
85,4194304,0.0363486
86,4194304,0.0359976
87,4194304,0.0359818
88,4194304,0.0359946
89,4194304,0.0360198
90,4194304,0.0360069
91,4194304,0.0359732
92,4194304,0.0360129
93,4194304,0.0359913
94,4194304,0.0359907
95,4194304,0.035991
96,4194304,0.0360112
97,4194304,0.0360011
98,4194304,0.0359889
99,4194304,0.035982
0,8388608,0.0830383
1,8388608,0.0719547
2,8388608,0.0718695
3,8388608,0.0718697
4,8388608,0.0718721
5,8388608,0.0718396
6,8388608,0.0720454
7,8388608,0.0718872
8,8388608,0.0718838
9,8388608,0.0718309
10,8388608,0.0718531
11,8388608,0.0718627
12,8388608,0.0718943
13,8388608,0.0718706
14,8388608,0.071887
15,8388608,0.0718735
16,8388608,0.0718785
17,8388608,0.0718376
18,8388608,0.0719233
19,8388608,0.0718891
20,8388608,0.0718797
21,8388608,0.0718504
22,8388608,0.0718882
23,8388608,0.0719483
24,8388608,0.0718578
25,8388608,0.0718763
26,8388608,0.0719333
27,8388608,0.071961
28,8388608,0.0719314
29,8388608,0.0718484
30,8388608,0.071912
31,8388608,0.0719156
32,8388608,0.0718712
33,8388608,0.0718965
34,8388608,0.071898
35,8388608,0.0718435
36,8388608,0.071906
37,8388608,0.0718438
38,8388608,0.0719188
39,8388608,0.071377
40,8388608,0.0719104
41,8388608,0.0718835
42,8388608,0.0719479
43,8388608,0.0718403
44,8388608,0.0718826
45,8388608,0.0719037
46,8388608,0.0718615
47,8388608,0.0718935
48,8388608,0.0719077
49,8388608,0.0718217
50,8388608,0.0718844
51,8388608,0.0718433
52,8388608,0.071926
53,8388608,0.0718553
54,8388608,0.071847
55,8388608,0.0719031
56,8388608,0.0718435
57,8388608,0.0719012
58,8388608,0.071865
59,8388608,0.0718666
60,8388608,0.0718549
61,8388608,0.0719003
62,8388608,0.0718926
63,8388608,0.0718362
64,8388608,0.0718767
65,8388608,0.0718697
66,8388608,0.0718941
67,8388608,0.0718318
68,8388608,0.0718867
69,8388608,0.0718604
70,8388608,0.0718676
71,8388608,0.0718652
72,8388608,0.0718733
73,8388608,0.0718521
74,8388608,0.0718596
75,8388608,0.0718722
76,8388608,0.0718751
77,8388608,0.0718438
78,8388608,0.0718666
79,8388608,0.0718561
80,8388608,0.0719203
81,8388608,0.0718559
82,8388608,0.0718935
83,8388608,0.0719225
84,8388608,0.0718404
85,8388608,0.0719799
86,8388608,0.0718874
87,8388608,0.0718718
88,8388608,0.0719315
89,8388608,0.0718896
90,8388608,0.0718727
91,8388608,0.0718852
92,8388608,0.0718588
93,8388608,0.0719207
94,8388608,0.0720331
95,8388608,0.0719072
96,8388608,0.0718981
97,8388608,0.0718704
98,8388608,0.0718742
99,8388608,0.0719149
0,16777216,0.153912
1,16777216,0.142808
2,16777216,0.142774
3,16777216,0.142838
4,16777216,0.142873
5,16777216,0.142813
6,16777216,0.142791
7,16777216,0.142815
8,16777216,0.142844
9,16777216,0.142832
10,16777216,0.142882
11,16777216,0.142919
12,16777216,0.142944
13,16777216,0.14293
14,16777216,0.143008
15,16777216,0.142974
16,16777216,0.142989
17,16777216,0.143039
18,16777216,0.143006
19,16777216,0.143032
20,16777216,0.14313
21,16777216,0.143153
22,16777216,0.143139
23,16777216,0.1432
24,16777216,0.143187
25,16777216,0.143218
26,16777216,0.143243
27,16777216,0.143266
28,16777216,0.143355
29,16777216,0.143292
30,16777216,0.143291
31,16777216,0.143312
32,16777216,0.143346
33,16777216,0.143382
34,16777216,0.143364
35,16777216,0.143466
36,16777216,0.143434
37,16777216,0.143479
38,16777216,0.14355
39,16777216,0.143491
40,16777216,0.143645
41,16777216,0.143582
42,16777216,0.143537
43,16777216,0.143742
44,16777216,0.143678
45,16777216,0.143615
46,16777216,0.143595
47,16777216,0.143604
48,16777216,0.143675
49,16777216,0.143647
50,16777216,0.143681
51,16777216,0.143689
52,16777216,0.143714
53,16777216,0.143704
54,16777216,0.143843
55,16777216,0.144022
56,16777216,0.14411
57,16777216,0.144112
58,16777216,0.144024
59,16777216,0.1441
60,16777216,0.144017
61,16777216,0.144135
62,16777216,0.143939
63,16777216,0.144107
64,16777216,0.143963
65,16777216,0.144057
66,16777216,0.144047
67,16777216,0.143994
68,16777216,0.143973
69,16777216,0.143987
70,16777216,0.143859
71,16777216,0.144027
72,16777216,0.143975
73,16777216,0.143844
74,16777216,0.143972
75,16777216,0.143987
76,16777216,0.143851
77,16777216,0.14387
78,16777216,0.143893
79,16777216,0.143921
80,16777216,0.143915
81,16777216,0.144083
82,16777216,0.143914
83,16777216,0.143891
84,16777216,0.143857
85,16777216,0.144014
86,16777216,0.143822
87,16777216,0.14386
88,16777216,0.143894
89,16777216,0.143938
90,16777216,0.143924
91,16777216,0.1439
92,16777216,0.143882
93,16777216,0.144117
94,16777216,0.143964
95,16777216,0.143986
96,16777216,0.14389
97,16777216,0.143908
98,16777216,0.143959
99,16777216,0.143888
