0,2,8,0.00274655
1,2,8,0.00296776
2,2,8,0.0028916
3,2,8,0.00289275
4,2,8,0.000290993
5,2,8,0.000304459
6,2,8,0.000327047
7,2,8,0.000339872
8,2,8,0.0001242
9,2,8,0.0001273
10,2,8,0.000133362
11,2,8,0.000138597
12,2,8,0.000144675
13,2,8,0.00014272
14,2,8,0.000149006
15,2,8,0.000154575
16,2,8,0.000143866
17,2,8,0.000149119
18,2,8,0.000148491
19,2,8,0.000150279
20,2,8,0.00014488
21,2,8,0.000138144
22,2,8,0.000132728
23,2,8,0.000126158
24,2,8,0.000113579
25,2,8,0.000114577
26,2,8,0.00011342
27,2,8,0.000114857
28,2,8,0.00012171
29,2,8,0.000122367
30,2,8,0.000121784
31,2,8,0.00012277
32,2,8,0.000115954
33,2,8,0.000110483
34,2,8,0.000104501
35,2,8,9.72616e-05
36,2,8,9.64464e-05
37,2,8,9.55695e-05
38,2,8,9.49621e-05
39,2,8,9.4892e-05
40,2,8,0.000102765
41,2,8,0.000103034
42,2,8,0.000103533
43,2,8,0.000104776
44,2,8,0.000106071
45,2,8,0.000105967
46,2,8,0.000105214
47,2,8,9.68245e-05
48,2,8,9.63382e-05
49,2,8,0.000102834
50,2,8,0.000102758
51,2,8,0.000101775
52,2,8,0.000102505
53,2,8,0.000102285
54,2,8,0.000102582
55,2,8,0.000103925
56,2,8,9.71949e-05
57,2,8,9.76571e-05
58,2,8,9.67293e-05
59,2,8,9.71138e-05
60,2,8,9.7041e-05
61,2,8,9.68843e-05
62,2,8,9.63637e-05
63,2,8,9.61372e-05
64,2,8,9.64624e-05
65,2,8,9.59529e-05
66,2,8,9.5567e-05
67,2,8,9.54404e-05
68,2,8,9.61416e-05
69,2,8,9.56976e-05
70,2,8,9.54032e-05
71,2,8,9.57224e-05
72,2,8,0.000122825
73,2,8,0.000122926
74,2,8,0.000124684
75,2,8,0.000168467
76,2,8,0.000178383
77,2,8,0.000178569
78,2,8,0.000192515
79,2,8,0.000166846
80,2,8,0.000180572
81,2,8,0.000173784
82,2,8,0.000119533
83,2,8,0.000121534
84,2,8,0.000108355
85,2,8,0.000106712
86,2,8,0.000105214
87,2,8,0.000107193
88,2,8,9.77225e-05
89,2,8,0.000102931
90,2,8,0.000124021
91,2,8,0.000156158
92,2,8,0.000192009
93,2,8,0.000194152
94,2,8,0.000218119
95,2,8,0.000222998
96,2,8,0.00022383
97,2,8,0.000193455
98,2,8,0.000185214
99,2,8,0.000139012
0,4,8,0.00272327
1,4,8,0.00284878
2,4,8,0.00280574
3,4,8,0.00282222
4,4,8,0.000214242
5,4,8,0.000232
6,4,8,0.000249797
7,4,8,0.000266358
8,4,8,0.00012764
9,4,8,0.000127333
10,4,8,0.00012729
11,4,8,0.000125315
12,4,8,0.000124235
13,4,8,0.000122992
14,4,8,0.000129534
15,4,8,0.000138747
16,4,8,0.000129321
17,4,8,0.000127449
18,4,8,0.000125817
19,4,8,0.000124858
20,4,8,0.000122448
21,4,8,0.000118658
22,4,8,0.000121495
23,4,8,0.000133599
24,4,8,0.000144933
25,4,8,0.000156403
26,4,8,0.000159703
27,4,8,0.000163249
28,4,8,0.000165049
29,4,8,0.000165731
30,4,8,0.000161834
31,4,8,0.000157977
32,4,8,0.000160293
33,4,8,0.000171046
34,4,8,0.000188748
35,4,8,0.000200706
36,4,8,0.000206008
37,4,8,0.000210174
38,4,8,0.000217901
39,4,8,0.000218985
40,4,8,0.000221483
41,4,8,0.000214042
42,4,8,0.000212344
43,4,8,0.000215767
44,4,8,0.000221693
45,4,8,0.000222242
46,4,8,0.000221255
47,4,8,0.000220198
48,4,8,0.000220331
49,4,8,0.000218228
50,4,8,0.000222198
51,4,8,0.000221077
52,4,8,0.000222209
53,4,8,0.000227861
54,4,8,0.000239633
55,4,8,0.000248612
56,4,8,0.000262982
57,4,8,0.000272637
58,4,8,0.000277238
59,4,8,0.000285899
60,4,8,0.000285184
61,4,8,0.000269996
62,4,8,0.000259536
63,4,8,0.000237584
64,4,8,0.000220858
65,4,8,0.000212179
66,4,8,0.000195526
67,4,8,0.000184593
68,4,8,0.000188766
69,4,8,0.00018988
70,4,8,0.000188848
71,4,8,0.000190401
72,4,8,0.000183065
73,4,8,0.000183703
74,4,8,0.000186414
75,4,8,0.000179371
76,4,8,0.000168234
77,4,8,0.000165491
78,4,8,0.000154189
79,4,8,0.000151866
80,4,8,0.000143717
81,4,8,0.00013688
82,4,8,0.000129833
83,4,8,0.000132674
84,4,8,0.000138476
85,4,8,0.00014451
86,4,8,0.000148032
87,4,8,0.000156427
88,4,8,0.000163936
89,4,8,0.000172945
90,4,8,0.000175637
91,4,8,0.000176637
92,4,8,0.000170638
93,4,8,0.000170507
94,4,8,0.000162662
95,4,8,0.000154982
96,4,8,0.000145338
97,4,8,0.000139127
98,4,8,0.000133193
99,4,8,0.000134177
0,8,8,0.0026945
1,8,8,0.00288232
2,8,8,0.00297605
3,8,8,0.00300118
4,8,8,0.000352316
5,8,8,0.000366683
6,8,8,0.00038546
7,8,8,0.000406741
8,8,8,0.000271563
9,8,8,0.000150919
10,8,8,0.000152192
11,8,8,0.000157935
12,8,8,0.000164628
13,8,8,0.000174133
14,8,8,0.000182655
15,8,8,0.000203851
16,8,8,0.000204362
17,8,8,0.000208324
18,8,8,0.000213967
19,8,8,0.000217423
20,8,8,0.000214741
21,8,8,0.00022025
22,8,8,0.000225809
23,8,8,0.000228174
24,8,8,0.000232992
25,8,8,0.000233258
26,8,8,0.000237461
27,8,8,0.000236013
28,8,8,0.000227628
29,8,8,0.000217938
30,8,8,0.000210328
31,8,8,0.000203193
32,8,8,0.000196317
33,8,8,0.000188845
34,8,8,0.000176502
35,8,8,0.000168451
36,8,8,0.000158712
37,8,8,0.000150348
38,8,8,0.000142562
39,8,8,0.000139025
40,8,8,0.000132522
41,8,8,0.000132544
42,8,8,0.000138445
43,8,8,0.000142544
44,8,8,0.00015126
45,8,8,0.000157286
46,8,8,0.000157898
47,8,8,0.000164936
48,8,8,0.000173168
49,8,8,0.000178012
50,8,8,0.000183062
51,8,8,0.00018489
52,8,8,0.000188463
53,8,8,0.000191549
54,8,8,0.000192225
55,8,8,0.000189332
56,8,8,0.000192639
57,8,8,0.000193435
58,8,8,0.000195996
59,8,8,0.000192542
60,8,8,0.000191765
61,8,8,0.000190799
62,8,8,0.000193823
63,8,8,0.000188417
64,8,8,0.000183319
65,8,8,0.000179718
66,8,8,0.000175769
67,8,8,0.00019783
68,8,8,0.000170271
69,8,8,0.00013949
70,8,8,0.000160127
71,8,8,0.000154104
72,8,8,0.000149076
73,8,8,0.000195198
74,8,8,9.50848e-05
75,8,8,0.000102902
76,8,8,0.000121398
77,8,8,0.000129725
78,8,8,0.000130482
79,8,8,0.000131777
80,8,8,0.000132215
81,8,8,0.000131097
82,8,8,0.000132035
83,8,8,0.0001324
84,8,8,0.000132317
85,8,8,0.000131123
86,8,8,0.000130424
87,8,8,0.000129098
88,8,8,0.000132022
89,8,8,0.000132468
90,8,8,0.000134438
91,8,8,0.000132846
92,8,8,0.000131744
93,8,8,0.000131128
94,8,8,0.000130653
95,8,8,0.000127432
96,8,8,0.000126058
97,8,8,0.000122682
98,8,8,0.000127674
99,8,8,0.000126482
0,16,8,0.00269876
1,16,8,0.00311809
2,16,8,0.00306567
3,16,8,0.00307307
4,16,8,0.0004952
5,16,8,0.000509299
6,16,8,0.000523468
7,16,8,0.000542381
8,16,8,0.000110279
9,16,8,0.000110219
10,16,8,0.000110445
11,16,8,0.000111119
12,16,8,0.000113041
13,16,8,0.000114418
14,16,8,0.000109567
15,16,8,0.000120452
16,16,8,0.000115323
17,16,8,0.000116771
18,16,8,0.000116616
19,16,8,0.000114624
20,16,8,0.000108966
21,16,8,0.000107607
22,16,8,0.000103456
23,16,8,0.000100004
24,16,8,9.47153e-05
25,16,8,9.2083e-05
26,16,8,9.05241e-05
27,16,8,9.00142e-05
28,16,8,9.09857e-05
29,16,8,9.18225e-05
30,16,8,9.6744e-05
31,16,8,9.60692e-05
32,16,8,9.85954e-05
33,16,8,9.84145e-05
34,16,8,9.88457e-05
35,16,8,9.95517e-05
36,16,8,0.000101467
37,16,8,9.90538e-05
38,16,8,9.85115e-05
39,16,8,9.58072e-05
40,16,8,9.30809e-05
41,16,8,9.19524e-05
42,16,8,9.07616e-05
43,16,8,9.38515e-05
44,16,8,9.60354e-05
45,16,8,9.6167e-05
46,16,8,9.89912e-05
47,16,8,9.97727e-05
48,16,8,0.000103134
49,16,8,0.000105126
50,16,8,0.000100782
51,16,8,0.00010077
52,16,8,0.000103211
53,16,8,0.000100355
54,16,8,0.000100866
55,16,8,9.61218e-05
56,16,8,9.29731e-05
57,16,8,9.07077e-05
58,16,8,9.61443e-05
59,16,8,9.40805e-05
60,16,8,9.64473e-05
61,16,8,9.72315e-05
62,16,8,9.95612e-05
63,16,8,0.000102928
64,16,8,0.000105169
65,16,8,9.96086e-05
66,16,8,0.000101511
67,16,8,0.000100693
68,16,8,0.000102199
69,16,8,0.000102416
70,16,8,0.000103835
71,16,8,0.000101873
72,16,8,0.000101639
73,16,8,0.000104939
74,16,8,0.000103923
75,16,8,0.000101216
76,16,8,0.000101254
77,16,8,9.92628e-05
78,16,8,0.000107912
79,16,8,0.00011646
80,16,8,0.000117024
81,16,8,0.000125148
82,16,8,0.000130365
83,16,8,0.000135438
84,16,8,0.000142512
85,16,8,0.000144691
86,16,8,0.000142389
87,16,8,0.000136433
88,16,8,0.000136083
89,16,8,0.000131583
90,16,8,0.000125952
91,16,8,0.000120236
92,16,8,0.000111506
93,16,8,0.000109203
94,16,8,0.000110501
95,16,8,0.000106027
96,16,8,0.000109227
97,16,8,0.000108455
98,16,8,0.000110291
99,16,8,0.000109321
0,32,8,0.00269284
1,32,8,0.00277741
2,32,8,0.00275336
3,32,8,0.00276959
4,32,8,0.000175133
5,32,8,0.000192283
6,32,8,0.000207348
7,32,8,0.000221102
8,32,8,0.000112022
9,32,8,0.000110478
10,32,8,0.000106862
11,32,8,0.00010509
12,32,8,9.99164e-05
13,32,8,0.000100395
14,32,8,0.000106896
15,32,8,0.000118771
16,32,8,0.000110055
17,32,8,0.000111843
18,32,8,0.000110995
19,32,8,0.000112371
20,32,8,0.000113938
21,32,8,0.000109384
22,32,8,0.000106496
23,32,8,0.000109646
24,32,8,0.000107179
25,32,8,0.000107855
26,32,8,0.00010723
27,32,8,0.000102526
28,32,8,9.98739e-05
29,32,8,9.81073e-05
30,32,8,9.49109e-05
31,32,8,0.000168451
32,32,8,0.000171344
33,32,8,0.000171904
34,32,8,0.00017093
35,32,8,0.000173394
36,32,8,0.000172304
37,32,8,0.000172673
38,32,8,9.92866e-05
39,32,8,9.71804e-05
40,32,8,9.83569e-05
41,32,8,0.000100568
42,32,8,9.99904e-05
43,32,8,0.000100351
44,32,8,0.000100365
45,32,8,9.96483e-05
46,32,8,9.90011e-05
47,32,8,9.95797e-05
48,32,8,0.000100515
49,32,8,0.000100908
50,32,8,0.000100891
51,32,8,0.00010055
52,32,8,0.000101359
53,32,8,0.000101949
54,32,8,0.000100025
55,32,8,9.86217e-05
56,32,8,9.64747e-05
57,32,8,9.61371e-05
58,32,8,9.58449e-05
59,32,8,9.79718e-05
60,32,8,9.76733e-05
61,32,8,0.000101293
62,32,8,0.00010091
63,32,8,0.000102352
64,32,8,0.00010199
65,32,8,0.000102014
66,32,8,0.000100544
67,32,8,0.000100561
68,32,8,9.72224e-05
69,32,8,9.60769e-05
70,32,8,9.70509e-05
71,32,8,9.76073e-05
72,32,8,9.7845e-05
73,32,8,9.66414e-05
74,32,8,9.6475e-05
75,32,8,9.84366e-05
76,32,8,9.85338e-05
77,32,8,9.64415e-05
78,32,8,9.57513e-05
79,32,8,9.86216e-05
80,32,8,9.94443e-05
81,32,8,0.000101547
82,32,8,0.000100987
83,32,8,0.000111685
84,32,8,0.000113383
85,32,8,0.000114787
86,32,8,0.00011288
87,32,8,0.000111836
88,32,8,0.000112019
89,32,8,0.000112948
90,32,8,0.000104288
91,32,8,0.00010499
92,32,8,0.000104583
93,32,8,0.000109614
94,32,8,0.00010961
95,32,8,0.000109993
96,32,8,0.00010757
97,32,8,0.000104646
98,32,8,0.000102683
99,32,8,0.000105555
0,64,8,0.00267963
1,64,8,0.00303025
2,64,8,0.00300279
3,64,8,0.00301656
4,64,8,0.000368944
5,64,8,0.000379828
6,64,8,0.000392566
7,64,8,0.000404679
8,64,8,0.000101083
9,64,8,9.93829e-05
10,64,8,9.70511e-05
11,64,8,9.63636e-05
12,64,8,9.63547e-05
13,64,8,0.000102397
14,64,8,0.000103173
15,64,8,0.000102481
16,64,8,9.60504e-05
17,64,8,9.59712e-05
18,64,8,9.65251e-05
19,64,8,9.73277e-05
20,64,8,8.78961e-05
21,64,8,8.78873e-05
22,64,8,8.84198e-05
23,64,8,8.88746e-05
24,64,8,8.96975e-05
25,64,8,9.18338e-05
26,64,8,9.50987e-05
27,64,8,9.69348e-05
28,64,8,9.95449e-05
29,64,8,0.000100008
30,64,8,0.000100828
31,64,8,9.95336e-05
32,64,8,9.84988e-05
33,64,8,9.56598e-05
34,64,8,9.36111e-05
35,64,8,9.16112e-05
36,64,8,8.99927e-05
37,64,8,8.7607e-05
38,64,8,8.64032e-05
39,64,8,8.53753e-05
40,64,8,9.56635e-05
41,64,8,9.77825e-05
42,64,8,0.000101628
43,64,8,0.000105799
44,64,8,0.00011276
45,64,8,0.000126279
46,64,8,0.000132457
47,64,8,0.000128276
48,64,8,0.000132364
49,64,8,0.000134434
50,64,8,0.000133628
51,64,8,0.000129571
52,64,8,0.000119286
53,64,8,0.000115615
54,64,8,0.000122847
55,64,8,0.000133713
56,64,8,0.000136104
57,64,8,0.0001407
58,64,8,0.000141694
59,64,8,0.000142108
60,64,8,0.000142486
61,64,8,0.000139861
62,64,8,0.000125876
63,64,8,0.000120572
64,64,8,0.000114604
65,64,8,0.000120237
66,64,8,0.000119478
67,64,8,0.000118323
68,64,8,0.000109407
69,64,8,0.000105585
70,64,8,0.000102197
71,64,8,9.94282e-05
72,64,8,9.79293e-05
73,64,8,9.46149e-05
74,64,8,9.42962e-05
75,64,8,9.13376e-05
76,64,8,9.28871e-05
77,64,8,0.0001003
78,64,8,0.000100952
79,64,8,9.31059e-05
80,64,8,9.44415e-05
81,64,8,9.32441e-05
82,64,8,9.33919e-05
83,64,8,9.26841e-05
84,64,8,8.56018e-05
85,64,8,8.5425e-05
86,64,8,9.57124e-05
87,64,8,9.69445e-05
88,64,8,9.97251e-05
89,64,8,0.000100416
90,64,8,0.000101863
91,64,8,0.000102028
92,64,8,0.000103747
93,64,8,9.54863e-05
94,64,8,9.54317e-05
95,64,8,9.43926e-05
96,64,8,9.50525e-05
97,64,8,9.42405e-05
98,64,8,9.48346e-05
99,64,8,9.47032e-05
0,128,8,0.00271673
1,128,8,0.00295026
2,128,8,0.00292272
3,128,8,0.00295004
4,128,8,0.000275532
5,128,8,0.000296383
6,128,8,0.000309894
7,128,8,0.000323507
8,128,8,0.000139295
9,128,8,0.000133347
10,128,8,0.000119687
11,128,8,0.000110087
12,128,8,0.000102167
13,128,8,0.000102059
14,128,8,0.000102767
15,128,8,0.000110717
16,128,8,0.000102903
17,128,8,0.000102799
18,128,8,0.000104361
19,128,8,0.000105
20,128,8,0.000103176
21,128,8,0.000103236
22,128,8,0.000102813
23,128,8,0.000101983
24,128,8,0.000101741
25,128,8,9.9601e-05
26,128,8,0.000100413
27,128,8,9.96772e-05
28,128,8,9.98601e-05
29,128,8,9.95997e-05
30,128,8,0.000100946
31,128,8,0.000106284
32,128,8,0.000112724
33,128,8,0.000122529
34,128,8,0.000136059
35,128,8,0.000144048
36,128,8,0.000238677
37,128,8,0.000235805
38,128,8,0.000229385
39,128,8,0.000223965
40,128,8,0.000214218
41,128,8,0.000208288
42,128,8,0.000205697
43,128,8,0.000118024
44,128,8,0.000124907
45,128,8,0.000124672
46,128,8,0.000127658
47,128,8,0.00013072
48,128,8,0.000133435
49,128,8,0.000134205
50,128,8,0.000130186
51,128,8,0.000126797
52,128,8,0.000131021
53,128,8,0.000134545
54,128,8,0.00013669
55,128,8,0.000139858
56,128,8,0.000139826
57,128,8,0.000143518
58,128,8,0.000145316
59,128,8,0.000147796
60,128,8,0.000140736
61,128,8,0.000133906
62,128,8,0.000120027
63,128,8,0.000113675
64,128,8,0.000105119
65,128,8,9.914e-05
66,128,8,9.12477e-05
67,128,8,9.01453e-05
68,128,8,9.02014e-05
69,128,8,8.98312e-05
70,128,8,8.919e-05
71,128,8,8.93525e-05
72,128,8,9.79741e-05
73,128,8,0.000115087
74,128,8,0.000124273
75,128,8,0.0001342
76,128,8,0.000137331
77,128,8,0.000139759
78,128,8,0.000139804
79,128,8,0.000133352
80,128,8,0.00013059
81,128,8,0.000130214
82,128,8,0.000130365
83,128,8,0.000127549
84,128,8,0.000126855
85,128,8,0.000131594
86,128,8,0.000134747
87,128,8,0.000125838
88,128,8,0.000121241
89,128,8,0.000112842
90,128,8,0.000113
91,128,8,0.000111279
92,128,8,0.000106212
93,128,8,0.000101966
94,128,8,9.92601e-05
95,128,8,9.53778e-05
96,128,8,9.42197e-05
97,128,8,9.39789e-05
98,128,8,9.46505e-05
99,128,8,9.63471e-05
0,256,8,0.00267483
1,256,8,0.00306197
2,256,8,0.0030404
3,256,8,0.00307092
4,256,8,0.00046191
5,256,8,0.000485962
6,256,8,0.000512066
7,256,8,0.000544248
8,256,8,0.000206051
9,256,8,0.000200286
10,256,8,0.000202092
11,256,8,0.00020671
12,256,8,0.000206621
13,256,8,0.000212525
14,256,8,0.000206903
15,256,8,0.000212938
16,256,8,0.000206948
17,256,8,0.000205584
18,256,8,0.000201551
19,256,8,0.00019796
20,256,8,0.000182673
21,256,8,0.000175396
22,256,8,0.000163835
23,256,8,0.000157141
24,256,8,0.000143138
25,256,8,0.000133884
26,256,8,0.00014163
27,256,8,0.000156272
28,256,8,0.000165537
29,256,8,0.000175382
30,256,8,0.00019098
31,256,8,0.000197209
32,256,8,0.000213226
33,256,8,0.000215988
34,256,8,0.000203244
35,256,8,0.000192781
36,256,8,0.000181825
37,256,8,0.000171468
38,256,8,0.000166019
39,256,8,0.000158993
40,256,8,0.00014428
41,256,8,0.000147949
42,256,8,0.000154327
43,256,8,0.00015938
44,256,8,0.000153239
45,256,8,0.00016412
46,256,8,0.000160956
47,256,8,0.000175349
48,256,8,0.0001796
49,256,8,0.00017204
50,256,8,0.000180266
51,256,8,0.000184504
52,256,8,0.000178677
53,256,8,0.000178728
54,256,8,0.000169888
55,256,8,0.000172198
56,256,8,0.000179153
57,256,8,0.000177736
58,256,8,0.000186216
59,256,8,0.000191742
60,256,8,0.000191866
61,256,8,0.00019118
62,256,8,0.000185683
63,256,8,0.000184261
64,256,8,0.000178392
65,256,8,0.000177914
66,256,8,0.000171736
67,256,8,0.000170253
68,256,8,0.000171101
69,256,8,0.000177018
70,256,8,0.000178028
71,256,8,0.000183505
72,256,8,0.000177874
73,256,8,0.00017703
74,256,8,0.00018449
75,256,8,0.00018363
76,256,8,0.000176813
77,256,8,0.000176881
78,256,8,0.000170228
79,256,8,0.000176068
80,256,8,0.000177432
81,256,8,0.000175393
82,256,8,0.0001845
83,256,8,0.000184403
84,256,8,0.000179819
85,256,8,0.000174129
86,256,8,0.000161645
87,256,8,0.000166451
88,256,8,0.000156047
89,256,8,0.000150908
90,256,8,0.000155777
91,256,8,0.000154992
92,256,8,0.000159442
93,256,8,0.000161062
94,256,8,0.00015577
95,256,8,0.000148027
96,256,8,0.000135267
97,256,8,0.000127249
98,256,8,0.000122092
99,256,8,0.000117029
0,512,8,0.00268823
1,512,8,0.00286338
2,512,8,0.00282643
3,512,8,0.00284142
4,512,8,0.000216605
5,512,8,0.000235993
6,512,8,0.000250695
7,512,8,0.000264398
8,512,8,0.000132432
9,512,8,0.00012303
10,512,8,0.000122645
11,512,8,0.000122152
12,512,8,0.000122011
13,512,8,0.000127108
14,512,8,0.000136085
15,512,8,0.00014974
16,512,8,0.00015132
17,512,8,0.000144306
18,512,8,0.000145941
19,512,8,0.000140748
20,512,8,0.000132422
21,512,8,0.00012238
22,512,8,0.000115524
23,512,8,0.000115069
24,512,8,0.000116892
25,512,8,0.000108075
26,512,8,0.000109532
27,512,8,0.000117467
28,512,8,0.000124865
29,512,8,0.000124129
30,512,8,0.000117349
31,512,8,0.000114674
32,512,8,0.000115592
33,512,8,0.000127394
34,512,8,0.00084244
35,512,8,0.000837551
36,512,8,0.000839263
37,512,8,0.000838695
38,512,8,0.000840276
39,512,8,0.00083854
40,512,8,0.000825939
41,512,8,0.000102535
42,512,8,0.000101479
43,512,8,0.000105674
44,512,8,0.000111627
45,512,8,0.000116308
46,512,8,0.000123236
47,512,8,0.00012149
48,512,8,0.000121824
49,512,8,0.000129029
50,512,8,0.000123909
51,512,8,0.000117906
52,512,8,0.000112547
53,512,8,0.000105422
54,512,8,0.000107039
55,512,8,0.000106668
56,512,8,9.91484e-05
57,512,8,9.82772e-05
58,512,8,9.92287e-05
59,512,8,0.000104559
60,512,8,0.000112812
61,512,8,0.00011636
62,512,8,0.00012337
63,512,8,0.000121439
64,512,8,0.000122791
65,512,8,0.000128707
66,512,8,0.000123115
67,512,8,0.000114629
68,512,8,0.000110279
69,512,8,0.00010317
70,512,8,0.000103732
71,512,8,0.000102002
72,512,8,0.000103975
73,512,8,0.000111273
74,512,8,0.000117282
75,512,8,0.000122313
76,512,8,0.000127677
77,512,8,0.000132211
78,512,8,0.000138697
79,512,8,0.000134857
80,512,8,0.000126943
81,512,8,0.000130372
82,512,8,0.000131234
83,512,8,0.00013144
84,512,8,0.000132241
85,512,8,0.000131365
86,512,8,0.000132213
87,512,8,0.000144282
88,512,8,0.000140035
89,512,8,0.000138975
90,512,8,0.000139364
91,512,8,0.000137534
92,512,8,0.000133809
93,512,8,0.000127454
94,512,8,0.000115327
95,512,8,0.000108949
96,512,8,0.000103391
97,512,8,0.000108654
98,512,8,0.000109973
99,512,8,0.000115809
0,1024,8,0.00270323
1,1024,8,0.00309577
2,1024,8,0.00305549
3,1024,8,0.00307075
4,1024,8,0.000426335
5,1024,8,0.000439387
6,1024,8,0.000454182
7,1024,8,0.0004661
8,1024,8,0.000106552
9,1024,8,0.000103287
10,1024,8,0.000101149
11,1024,8,0.000108157
12,1024,8,0.000106568
13,1024,8,0.000105503
14,1024,8,0.000105921
15,1024,8,0.000119516
16,1024,8,0.000121611
17,1024,8,0.00012801
18,1024,8,0.000125603
19,1024,8,0.000132796
20,1024,8,0.000137739
21,1024,8,0.000141475
22,1024,8,0.000140403
23,1024,8,0.000130862
24,1024,8,0.000124132
25,1024,8,0.000117298
26,1024,8,0.00011817
27,1024,8,0.000114886
28,1024,8,0.000116447
29,1024,8,0.000117702
30,1024,8,0.000118393
31,1024,8,0.000117899
32,1024,8,0.000117734
33,1024,8,0.000110974
34,1024,8,0.000113322
35,1024,8,0.0001074
36,1024,8,0.000100197
37,1024,8,9.93016e-05
38,1024,8,9.99954e-05
39,1024,8,9.83552e-05
40,1024,8,9.85903e-05
41,1024,8,9.13478e-05
42,1024,8,9.22607e-05
43,1024,8,9.94641e-05
44,1024,8,0.000100276
45,1024,8,9.9225e-05
46,1024,8,9.99541e-05
47,1024,8,9.91803e-05
48,1024,8,9.91129e-05
49,1024,8,9.87544e-05
50,1024,8,9.17977e-05
51,1024,8,9.21254e-05
52,1024,8,9.17511e-05
53,1024,8,9.10873e-05
54,1024,8,9.21455e-05
55,1024,8,9.12715e-05
56,1024,8,9.29148e-05
57,1024,8,9.24185e-05
58,1024,8,9.27218e-05
59,1024,8,9.19041e-05
60,1024,8,9.24747e-05
61,1024,8,9.89457e-05
62,1024,8,9.9482e-05
63,1024,8,9.92443e-05
64,1024,8,0.000100184
65,1024,8,9.98689e-05
66,1024,8,0.000100096
67,1024,8,9.97537e-05
68,1024,8,9.54368e-05
69,1024,8,9.53831e-05
70,1024,8,0.000103199
71,1024,8,0.000107193
72,1024,8,0.000112737
73,1024,8,0.000116788
74,1024,8,0.000117829
75,1024,8,0.000123306
76,1024,8,0.000130987
77,1024,8,0.000133531
78,1024,8,0.00012856
79,1024,8,0.000122402
80,1024,8,0.000118698
81,1024,8,0.000117694
82,1024,8,0.000109465
83,1024,8,0.000102316
84,1024,8,9.29334e-05
85,1024,8,9.23799e-05
86,1024,8,0.00010283
87,1024,8,0.000103143
88,1024,8,0.000103364
89,1024,8,0.000102648
90,1024,8,0.000101898
91,1024,8,0.000100923
92,1024,8,0.000101815
93,1024,8,0.000100518
94,1024,8,0.000100444
95,1024,8,0.00010492
96,1024,8,0.000113119
97,1024,8,0.000117287
98,1024,8,0.000130956
99,1024,8,0.000138904
0,2048,8,0.00269682
1,2048,8,0.00286691
2,2048,8,0.00281987
3,2048,8,0.00282844
4,2048,8,0.000200846
5,2048,8,0.000214436
6,2048,8,0.000229839
7,2048,8,0.000243104
8,2048,8,0.00010976
9,2048,8,0.000103675
10,2048,8,0.000111452
11,2048,8,0.000109833
12,2048,8,0.000109476
13,2048,8,0.000109233
14,2048,8,0.000110495
15,2048,8,0.000124959
16,2048,8,0.000119854
17,2048,8,0.000112145
18,2048,8,0.000113277
19,2048,8,0.000120819
20,2048,8,0.000118648
21,2048,8,0.000118664
22,2048,8,0.000111827
23,2048,8,0.000109413
24,2048,8,0.00011554
25,2048,8,0.00011414
26,2048,8,0.000173162
27,2048,8,0.000180088
28,2048,8,0.000179257
29,2048,8,0.000178617
30,2048,8,0.000186203
31,2048,8,0.000177822
32,2048,8,0.000177654
33,2048,8,0.000112357
34,2048,8,0.000105311
35,2048,8,0.000103376
36,2048,8,0.000103726
37,2048,8,9.65124e-05
38,2048,8,9.63588e-05
39,2048,8,9.66367e-05
40,2048,8,9.65564e-05
41,2048,8,0.000104688
42,2048,8,0.000105747
43,2048,8,0.000105156
44,2048,8,0.000105619
45,2048,8,0.000105497
46,2048,8,0.000112354
47,2048,8,0.000112423
48,2048,8,0.000104056
49,2048,8,0.000103779
50,2048,8,0.000111327
51,2048,8,0.000110807
52,2048,8,0.000111628
53,2048,8,0.000103424
54,2048,8,0.000103193
55,2048,8,0.000109533
56,2048,8,0.00010866
57,2048,8,0.000101392
58,2048,8,0.000102352
59,2048,8,0.000101437
60,2048,8,0.000101643
61,2048,8,0.000101094
62,2048,8,0.000102508
63,2048,8,0.000102141
64,2048,8,0.000102624
65,2048,8,0.000103248
66,2048,8,0.000103816
67,2048,8,0.000103248
68,2048,8,0.000103951
69,2048,8,9.55495e-05
70,2048,8,9.57474e-05
71,2048,8,9.55217e-05
72,2048,8,9.48083e-05
73,2048,8,0.000100418
74,2048,8,0.000100931
75,2048,8,0.000102228
76,2048,8,0.000102773
77,2048,8,0.000104023
78,2048,8,0.000110591
79,2048,8,0.000110868
80,2048,8,0.000104603
81,2048,8,0.000104898
82,2048,8,0.000111865
83,2048,8,0.000112823
84,2048,8,0.000113317
85,2048,8,0.000106175
86,2048,8,0.000107705
87,2048,8,0.000115404
88,2048,8,0.000115586
89,2048,8,0.000107696
90,2048,8,0.000107318
91,2048,8,0.000107212
92,2048,8,0.000108419
93,2048,8,0.00010672
94,2048,8,9.89926e-05
95,2048,8,9.77624e-05
96,2048,8,9.7452e-05
97,2048,8,9.62722e-05
98,2048,8,9.59777e-05
99,2048,8,9.6461e-05
0,4096,8,0.00270263
1,4096,8,0.00286496
2,4096,8,0.00285097
3,4096,8,0.00287448
4,4096,8,0.000257959
5,4096,8,0.000285143
6,4096,8,0.000313091
7,4096,8,0.0003309
8,4096,8,0.000187553
9,4096,8,0.000181129
10,4096,8,0.000199004
11,4096,8,0.000202204
12,4096,8,0.000204428
13,4096,8,0.000201383
14,4096,8,0.000203589
15,4096,8,0.000221789
16,4096,8,0.000233339
17,4096,8,0.000213516
18,4096,8,0.00021657
19,4096,8,0.000214354
20,4096,8,0.000221462
21,4096,8,0.000226227
22,4096,8,0.000217528
23,4096,8,0.000210512
24,4096,8,0.000209975
25,4096,8,0.000210864
26,4096,8,0.00021163
27,4096,8,0.000215312
28,4096,8,0.000212624
29,4096,8,0.000213848
30,4096,8,0.000219167
31,4096,8,0.000217826
32,4096,8,0.00020208
33,4096,8,0.000188802
34,4096,8,0.000180818
35,4096,8,0.000172097
36,4096,8,0.000160421
37,4096,8,0.000147483
38,4096,8,0.00013999
39,4096,8,0.000136694
40,4096,8,0.000145215
41,4096,8,0.000132806
42,4096,8,0.000136168
43,4096,8,0.000127465
44,4096,8,0.000119771
45,4096,8,0.000120195
46,4096,8,0.000127308
47,4096,8,0.000124524
48,4096,8,0.000131132
49,4096,8,0.000129559
50,4096,8,0.000130463
51,4096,8,0.000129896
52,4096,8,0.000132318
53,4096,8,0.00013106
54,4096,8,0.000137519
55,4096,8,0.00014594
56,4096,8,0.000154602
57,4096,8,0.000175825
58,4096,8,0.000189988
59,4096,8,0.00020875
60,4096,8,0.00021141
61,4096,8,0.000205107
62,4096,8,0.000196122
63,4096,8,0.000193623
64,4096,8,0.000185034
65,4096,8,0.000179372
66,4096,8,0.000173279
67,4096,8,0.000171815
68,4096,8,0.000171574
69,4096,8,0.000164761
70,4096,8,0.000152967
71,4096,8,0.000138656
72,4096,8,0.000135137
73,4096,8,0.000120549
74,4096,8,0.00011465
75,4096,8,0.000107844
76,4096,8,0.00010717
77,4096,8,0.000106077
78,4096,8,0.000105117
79,4096,8,9.96396e-05
80,4096,8,0.000100487
81,4096,8,0.000104151
82,4096,8,0.000115133
83,4096,8,0.000120215
84,4096,8,0.000127648
85,4096,8,0.000136166
86,4096,8,0.000148556
87,4096,8,0.000162204
88,4096,8,0.000164934
89,4096,8,0.000159777
90,4096,8,0.000161587
91,4096,8,0.000161789
92,4096,8,0.000161613
93,4096,8,0.000153166
94,4096,8,0.000139763
95,4096,8,0.000137713
96,4096,8,0.000138282
97,4096,8,0.000137737
98,4096,8,0.000146089
99,4096,8,0.000142482
0,8192,8,0.00271544
1,8192,8,0.00290124
2,8192,8,0.00222756
3,8192,8,0.00225399
4,8192,8,0.000283548
5,8192,8,0.000305252
6,8192,8,0.000315178
7,8192,8,0.000335203
8,8192,8,0.000155621
9,8192,8,0.000143324
10,8192,8,0.000135063
11,8192,8,0.000127054
12,8192,8,0.00012698
13,8192,8,0.000136372
14,8192,8,0.000197739
15,8192,8,0.000205291
16,8192,8,0.000201569
17,8192,8,0.000206742
18,8192,8,0.000207802
19,8192,8,0.000204795
20,8192,8,0.000196614
21,8192,8,0.000126275
22,8192,8,0.000118828
23,8192,8,0.000115505
24,8192,8,0.000108786
25,8192,8,0.000114697
26,8192,8,0.000116281
27,8192,8,0.000123365
28,8192,8,0.000123158
29,8192,8,0.000123368
30,8192,8,0.000123749
31,8192,8,0.000123777
32,8192,8,0.000116481
33,8192,8,0.000107981
34,8192,8,0.000101946
35,8192,8,0.000101532
36,8192,8,0.000107046
37,8192,8,0.000113692
38,8192,8,0.000119445
39,8192,8,0.000125254
40,8192,8,0.000131621
41,8192,8,0.000136604
42,8192,8,0.000141388
43,8192,8,0.000143624
44,8192,8,0.000149049
45,8192,8,0.000149431
46,8192,8,0.000149583
47,8192,8,0.000148268
48,8192,8,0.000147627
49,8192,8,0.000147289
50,8192,8,0.000143805
51,8192,8,0.000131529
52,8192,8,0.000126856
53,8192,8,0.000121838
54,8192,8,0.000117846
55,8192,8,0.00011245
56,8192,8,0.000107152
57,8192,8,0.000103477
58,8192,8,0.000110621
59,8192,8,0.000114627
60,8192,8,0.000114477
61,8192,8,0.000114027
62,8192,8,0.000114076
63,8192,8,0.000113738
64,8192,8,0.000112806
65,8192,8,0.000104991
66,8192,8,9.93306e-05
67,8192,8,9.85687e-05
68,8192,8,9.80592e-05
69,8192,8,9.79565e-05
70,8192,8,9.85505e-05
71,8192,8,9.82148e-05
72,8192,8,0.000103214
73,8192,8,0.000108593
74,8192,8,0.000113664
75,8192,8,0.000118897
76,8192,8,0.000131541
77,8192,8,0.000143251
78,8192,8,0.000150418
79,8192,8,0.000151706
80,8192,8,0.00015201
81,8192,8,0.000153014
82,8192,8,0.000154392
83,8192,8,0.000147251
84,8192,8,0.000140685
85,8192,8,0.000139368
86,8192,8,0.000143978
87,8192,8,0.000138968
88,8192,8,0.000134205
89,8192,8,0.00013529
90,8192,8,0.000133212
91,8192,8,0.000134376
92,8192,8,0.000129431
93,8192,8,0.000120371
94,8192,8,0.000120579
95,8192,8,0.000119507
96,8192,8,0.000111083
97,8192,8,0.000106361
98,8192,8,0.000106524
99,8192,8,0.000113582
0,16384,8,0.00272624
1,16384,8,0.00286048
2,16384,8,0.00283228
3,16384,8,0.00285273
4,16384,8,0.000219363
5,16384,8,0.000241431
6,16384,8,0.000255527
7,16384,8,0.000269277
8,16384,8,0.000136831
9,16384,8,0.000137975
10,16384,8,0.000149582
11,16384,8,0.000157494
12,16384,8,0.000158602
13,16384,8,0.000160862
14,16384,8,0.000167408
15,16384,8,0.000174313
16,16384,8,0.000156512
17,16384,8,0.000139505
18,16384,8,0.000131692
19,16384,8,0.000131888
20,16384,8,0.000129226
21,16384,8,0.00012927
22,16384,8,0.000134486
23,16384,8,0.000137237
24,16384,8,0.000140826
25,16384,8,0.000146344
26,16384,8,0.000153366
27,16384,8,0.00015744
28,16384,8,0.00015377
29,16384,8,0.000155332
30,16384,8,0.000151091
31,16384,8,0.000146569
32,16384,8,0.000144929
33,16384,8,0.00013395
34,16384,8,0.000134503
35,16384,8,0.000137192
36,16384,8,0.000133807
37,16384,8,0.000140421
38,16384,8,0.00014676
39,16384,8,0.000148234
40,16384,8,0.000151396
41,16384,8,0.000158917
42,16384,8,0.000167834
43,16384,8,0.000169213
44,16384,8,0.000167502
45,16384,8,0.00017486
46,16384,8,0.00017992
47,16384,8,0.000179188
48,16384,8,0.000171609
49,16384,8,0.000163215
50,16384,8,0.000156085
51,16384,8,0.000160655
52,16384,8,0.000150933
53,16384,8,0.000149902
54,16384,8,0.000145569
55,16384,8,0.000144683
56,16384,8,0.000144983
57,16384,8,0.000151486
58,16384,8,0.000153565
59,16384,8,0.000154305
60,16384,8,0.000147633
61,16384,8,0.000153339
62,16384,8,0.000148432
63,16384,8,0.000143495
64,16384,8,0.000138041
65,16384,8,0.000125055
66,16384,8,0.000127132
67,16384,8,0.000121153
68,16384,8,0.000114106
69,16384,8,0.000113036
70,16384,8,0.000113278
71,16384,8,0.000112386
72,16384,8,0.000112028
73,16384,8,0.000111162
74,16384,8,0.000119419
75,16384,8,0.000119108
76,16384,8,0.00011937
77,16384,8,0.000125156
78,16384,8,0.000125588
79,16384,8,0.000125744
80,16384,8,0.000118414
81,16384,8,0.000110816
82,16384,8,0.000110816
83,16384,8,0.000121792
84,16384,8,0.000115263
85,16384,8,0.000115005
86,16384,8,0.000119872
87,16384,8,0.000124337
88,16384,8,0.000130706
89,16384,8,0.000136078
90,16384,8,0.00012573
91,16384,8,0.000126834
92,16384,8,0.000125794
93,16384,8,0.000134167
94,16384,8,0.000134606
95,16384,8,0.000131982
96,16384,8,0.000130341
97,16384,8,0.000190974
98,16384,8,0.000196849
99,16384,8,0.000213597
0,32768,8,0.0027631
1,32768,8,0.0032222
2,32768,8,0.00318649
3,32768,8,0.00321395
4,32768,8,0.000534163
5,32768,8,0.00056112
6,32768,8,0.00058313
7,32768,8,0.000617066
8,32768,8,0.000194297
9,32768,8,0.000203168
10,32768,8,0.000202523
11,32768,8,0.00019664
12,32768,8,0.000195165
13,32768,8,0.000190148
14,32768,8,0.000179169
15,32768,8,0.00018898
16,32768,8,0.000172679
17,32768,8,0.000167376
18,32768,8,0.000170624
19,32768,8,0.000167553
20,32768,8,0.000179264
21,32768,8,0.000183061
22,32768,8,0.000182266
23,32768,8,0.000192691
24,32768,8,0.000203386
25,32768,8,0.000191868
26,32768,8,0.000195831
27,32768,8,0.000176633
28,32768,8,0.000169128
29,32768,8,0.000166401
30,32768,8,0.000151389
31,32768,8,0.000144547
32,32768,8,0.000140273
33,32768,8,0.000134932
34,32768,8,0.000141632
35,32768,8,0.000140681
36,32768,8,0.000151509
37,32768,8,0.000151968
38,32768,8,0.000146277
39,32768,8,0.000154215
40,32768,8,0.000156465
41,32768,8,0.000154962
42,32768,8,0.000154646
43,32768,8,0.000149403
44,32768,8,0.000160616
45,32768,8,0.000169135
46,32768,8,0.000165577
47,32768,8,0.000171553
48,32768,8,0.000175413
49,32768,8,0.000173686
50,32768,8,0.00019048
51,32768,8,0.000187586
52,32768,8,0.000196152
53,32768,8,0.00020105
54,32768,8,0.000199719
55,32768,8,0.000206483
56,32768,8,0.000218365
57,32768,8,0.000214967
58,32768,8,0.000206741
59,32768,8,0.000190593
60,32768,8,0.000190076
61,32768,8,0.000188727
62,32768,8,0.000184602
63,32768,8,0.000176769
64,32768,8,0.000168492
65,32768,8,0.000165363
66,32768,8,0.000167096
67,32768,8,0.000158953
68,32768,8,0.000148175
69,32768,8,0.000147053
70,32768,8,0.000134484
71,32768,8,0.000142113
72,32768,8,0.000140075
73,32768,8,0.000145885
74,32768,8,0.000152932
75,32768,8,0.00016351
76,32768,8,0.00019051
77,32768,8,0.000217794
78,32768,8,0.000227903
79,32768,8,0.000252575
80,32768,8,0.00025698
81,32768,8,0.000273551
82,32768,8,0.000277355
83,32768,8,0.000264751
84,32768,8,0.000257386
85,32768,8,0.000264053
86,32768,8,0.000264951
87,32768,8,0.000275789
88,32768,8,0.000276211
89,32768,8,0.000276744
90,32768,8,0.000282616
91,32768,8,0.000274728
92,32768,8,0.000259462
93,32768,8,0.000262216
94,32768,8,0.000259497
95,32768,8,0.000258683
96,32768,8,0.00026593
97,32768,8,0.000263371
98,32768,8,0.000278926
99,32768,8,0.000292385
0,65536,8,0.00294803
1,65536,8,0.00316022
2,65536,8,0.00331109
3,65536,8,0.00338844
4,65536,8,0.000622421
5,65536,8,0.000651213
6,65536,8,0.000755533
7,65536,8,0.00075544
8,65536,8,0.000796438
9,65536,8,0.000782886
10,65536,8,0.000786067
11,65536,8,0.000797066
12,65536,8,0.000761419
13,65536,8,0.000764821
14,65536,8,0.000756095
15,65536,8,0.000778934
16,65536,8,0.000774053
17,65536,8,0.000791737
18,65536,8,0.000794231
19,65536,8,0.000819663
20,65536,8,0.000816996
21,65536,8,0.00081585
22,65536,8,0.000809503
23,65536,8,0.000826299
24,65536,8,0.000813489
25,65536,8,0.000843153
26,65536,8,0.000806655
27,65536,8,0.000815723
28,65536,8,0.000802887
29,65536,8,0.000821753
30,65536,8,0.000812786
31,65536,8,0.000824975
32,65536,8,0.000817816
33,65536,8,0.00083135
34,65536,8,0.00082363
35,65536,8,0.000834735
36,65536,8,0.000813216
37,65536,8,0.000840849
38,65536,8,0.000811845
39,65536,8,0.000818095
40,65536,8,0.000803866
41,65536,8,0.000803599
42,65536,8,0.000800424
43,65536,8,0.000820801
44,65536,8,0.000799091
45,65536,8,0.000797698
46,65536,8,0.000795326
47,65536,8,0.000811231
48,65536,8,0.000804454
49,65536,8,0.000809807
50,65536,8,0.00078895
51,65536,8,0.000800666
52,65536,8,0.000786024
53,65536,8,0.000801487
54,65536,8,0.000785589
55,65536,8,0.000809059
56,65536,8,0.000803939
57,65536,8,0.000820905
58,65536,8,0.000809447
59,65536,8,0.000814418
60,65536,8,0.000794451
61,65536,8,0.000810408
62,65536,8,0.000784702
63,65536,8,0.00078291
64,65536,8,0.000777953
65,65536,8,0.000789711
66,65536,8,0.000779551
67,65536,8,0.00079448
68,65536,8,0.000785057
69,65536,8,0.00079236
70,65536,8,0.000791744
71,65536,8,0.000808404
72,65536,8,0.000799591
73,65536,8,0.00081457
74,65536,8,0.000807906
75,65536,8,0.000809063
76,65536,8,0.000777052
77,65536,8,0.000839215
78,65536,8,0.000824677
79,65536,8,0.000843791
80,65536,8,0.000798376
81,65536,8,0.000806
82,65536,8,0.000789247
83,65536,8,0.000798332
84,65536,8,0.000765159
85,65536,8,0.000778955
86,65536,8,0.000774258
87,65536,8,0.0007646
88,65536,8,0.00077407
89,65536,8,0.000781235
90,65536,8,0.000790734
91,65536,8,0.000802631
92,65536,8,0.000802025
93,65536,8,0.000798523
94,65536,8,0.00077126
95,65536,8,0.000798175
96,65536,8,0.000773629
97,65536,8,0.000837556
98,65536,8,0.000791395
99,65536,8,0.000787939
0,131072,8,0.00295818
1,131072,8,0.00333744
2,131072,8,0.00352389
3,131072,8,0.00377439
4,131072,8,0.000883858
5,131072,8,0.000968977
6,131072,8,0.000960191
7,131072,8,0.00103936
8,131072,8,0.0010951
9,131072,8,0.00111439
10,131072,8,0.00121182
11,131072,8,0.00107213
12,131072,8,0.00117838
13,131072,8,0.00109669
14,131072,8,0.00114884
15,131072,8,0.00125902
16,131072,8,0.00119518
17,131072,8,0.00125927
18,131072,8,0.00121349
19,131072,8,0.00119815
20,131072,8,0.00122635
21,131072,8,0.00119319
22,131072,8,0.0012286
23,131072,8,0.00111958
24,131072,8,0.00119683
25,131072,8,0.00112423
26,131072,8,0.0011846
27,131072,8,0.0012133
28,131072,8,0.00117921
29,131072,8,0.00120128
30,131072,8,0.0011569
31,131072,8,0.00120239
32,131072,8,0.00117116
33,131072,8,0.00129266
34,131072,8,0.00119532
35,131072,8,0.00129155
36,131072,8,0.00119395
37,131072,8,0.00121543
38,131072,8,0.0011953
39,131072,8,0.00120564
40,131072,8,0.00119663
41,131072,8,0.00118755
42,131072,8,0.00119628
43,131072,8,0.00119235
44,131072,8,0.00122362
45,131072,8,0.00118637
46,131072,8,0.0012154
47,131072,8,0.00119292
48,131072,8,0.00124096
49,131072,8,0.00118782
50,131072,8,0.00120509
51,131072,8,0.00110493
52,131072,8,0.00115493
53,131072,8,0.00111689
54,131072,8,0.00116786
55,131072,8,0.00124313
56,131072,8,0.00120811
57,131072,8,0.00118424
58,131072,8,0.00117106
59,131072,8,0.00111407
60,131072,8,0.00116089
61,131072,8,0.00118456
62,131072,8,0.00116549
63,131072,8,0.00118705
64,131072,8,0.00117435
65,131072,8,0.00119807
66,131072,8,0.00117746
67,131072,8,0.00118219
68,131072,8,0.00116271
69,131072,8,0.00117857
70,131072,8,0.00115929
71,131072,8,0.00117574
72,131072,8,0.00116266
73,131072,8,0.00115953
74,131072,8,0.00113472
75,131072,8,0.00118117
76,131072,8,0.00115958
77,131072,8,0.00122514
78,131072,8,0.00115837
79,131072,8,0.00114591
80,131072,8,0.00116248
81,131072,8,0.00110053
82,131072,8,0.00115051
83,131072,8,0.00114951
84,131072,8,0.00114837
85,131072,8,0.00117271
86,131072,8,0.00114969
87,131072,8,0.00116812
88,131072,8,0.00115898
89,131072,8,0.00116943
90,131072,8,0.00117577
91,131072,8,0.00119031
92,131072,8,0.00116121
93,131072,8,0.00120047
94,131072,8,0.00116154
95,131072,8,0.00131957
96,131072,8,0.00122343
97,131072,8,0.00130845
98,131072,8,0.00115582
99,131072,8,0.00111649
0,262144,8,0.00318471
1,262144,8,0.00368442
2,262144,8,0.00406717
3,262144,8,0.00452736
4,262144,8,0.00167665
5,262144,8,0.00171263
6,262144,8,0.00173573
7,262144,8,0.00172697
8,262144,8,0.00176305
9,262144,8,0.00180084
10,262144,8,0.00177376
11,262144,8,0.00185022
12,262144,8,0.00180671
13,262144,8,0.00179919
14,262144,8,0.00173384
15,262144,8,0.00162202
16,262144,8,0.00159236
17,262144,8,0.00153615
18,262144,8,0.00166987
19,262144,8,0.00169068
20,262144,8,0.001783
21,262144,8,0.00187406
22,262144,8,0.001793
23,262144,8,0.00187156
24,262144,8,0.001811
25,262144,8,0.00181355
26,262144,8,0.00181091
27,262144,8,0.00181272
28,262144,8,0.00180687
29,262144,8,0.00180988
30,262144,8,0.00178497
31,262144,8,0.00178542
32,262144,8,0.00172881
33,262144,8,0.00178211
34,262144,8,0.00178298
35,262144,8,0.00177483
36,262144,8,0.00186035
37,262144,8,0.00180452
38,262144,8,0.0018018
39,262144,8,0.0018053
40,262144,8,0.00178043
41,262144,8,0.00178619
42,262144,8,0.00173465
43,262144,8,0.00178233
44,262144,8,0.00178923
45,262144,8,0.00179146
46,262144,8,0.00186577
47,262144,8,0.00180632
48,262144,8,0.00180278
49,262144,8,0.00179025
50,262144,8,0.00178295
51,262144,8,0.00172609
52,262144,8,0.00177273
53,262144,8,0.00171556
54,262144,8,0.00176088
55,262144,8,0.00178709
56,262144,8,0.00177644
57,262144,8,0.00194597
58,262144,8,0.00192713
59,262144,8,0.00200656
60,262144,8,0.00192932
61,262144,8,0.00194631
62,262144,8,0.00193677
63,262144,8,0.00194223
64,262144,8,0.00180687
65,262144,8,0.00188609
66,262144,8,0.00181416
67,262144,8,0.00180988
68,262144,8,0.00181446
69,262144,8,0.00182305
70,262144,8,0.00181569
71,262144,8,0.00181145
72,262144,8,0.00181119
73,262144,8,0.00181408
74,262144,8,0.00180646
75,262144,8,0.00180113
76,262144,8,0.0017338
77,262144,8,0.0017969
78,262144,8,0.00179838
79,262144,8,0.00179754
80,262144,8,0.00187596
81,262144,8,0.00180897
82,262144,8,0.00180715
83,262144,8,0.00179701
84,262144,8,0.0017956
85,262144,8,0.00174552
86,262144,8,0.00178913
87,262144,8,0.00180628
88,262144,8,0.00178941
89,262144,8,0.00187613
90,262144,8,0.00181237
91,262144,8,0.00178922
92,262144,8,0.00179858
93,262144,8,0.00173322
94,262144,8,0.00178824
95,262144,8,0.00181861
96,262144,8,0.00182043
97,262144,8,0.00190384
98,262144,8,0.00180448
99,262144,8,0.00178493
0,524288,8,0.00362992
1,524288,8,0.00452919
2,524288,8,0.00534536
3,524288,8,0.00619986
4,524288,8,0.00324862
5,524288,8,0.00334511
6,524288,8,0.00324651
7,524288,8,0.00326457
8,524288,8,0.00328767
9,524288,8,0.00325534
10,524288,8,0.00325016
11,524288,8,0.00331683
12,524288,8,0.00330937
13,524288,8,0.00343908
14,524288,8,0.00341018
15,524288,8,0.00340052
16,524288,8,0.00337788
17,524288,8,0.00336003
18,524288,8,0.00335693
19,524288,8,0.00314378
20,524288,8,0.00308119
21,524288,8,0.00289756
22,524288,8,0.00311214
23,524288,8,0.00334262
24,524288,8,0.00336627
25,524288,8,0.00340874
26,524288,8,0.00327121
27,524288,8,0.00309831
28,524288,8,0.00316125
29,524288,8,0.00318124
30,524288,8,0.00330956
31,524288,8,0.00347505
32,524288,8,0.00349454
33,524288,8,0.00343691
34,524288,8,0.00335084
35,524288,8,0.00328082
36,524288,8,0.00325811
37,524288,8,0.00330398
38,524288,8,0.00332981
39,524288,8,0.00320593
40,524288,8,0.00322538
41,524288,8,0.00321417
42,524288,8,0.00325346
43,524288,8,0.00342235
44,524288,8,0.0034063
45,524288,8,0.00349111
46,524288,8,0.00340613
47,524288,8,0.00334672
48,524288,8,0.0032512
49,524288,8,0.00311826
50,524288,8,0.00323359
51,524288,8,0.00332465
52,524288,8,0.00338287
53,524288,8,0.00350165
54,524288,8,0.00343513
55,524288,8,0.0034361
56,524288,8,0.00344296
57,524288,8,0.00345943
58,524288,8,0.00338085
59,524288,8,0.0033053
60,524288,8,0.0032271
61,524288,8,0.00312352
62,524288,8,0.00317221
63,524288,8,0.003187
64,524288,8,0.00316701
65,524288,8,0.00316006
66,524288,8,0.00321409
67,524288,8,0.0033175
68,524288,8,0.00336844
69,524288,8,0.00353271
70,524288,8,0.00337929
71,524288,8,0.00332874
72,524288,8,0.00325801
73,524288,8,0.00313368
74,524288,8,0.00308762
75,524288,8,0.0030895
76,524288,8,0.00302425
77,524288,8,0.00318801
78,524288,8,0.00327089
79,524288,8,0.00336019
80,524288,8,0.00345753
81,524288,8,0.00342928
82,524288,8,0.00342162
83,524288,8,0.00342209
84,524288,8,0.00341321
85,524288,8,0.00343482
86,524288,8,0.00341196
87,524288,8,0.00341642
88,524288,8,0.00341536
89,524288,8,0.00343699
90,524288,8,0.00341767
91,524288,8,0.00343928
92,524288,8,0.00342372
93,524288,8,0.00343889
94,524288,8,0.00343564
0,1048576,8,0.00446723
1,1048576,8,0.0061344
2,1048576,8,0.00740908
3,1048576,8,0.0087595
4,1048576,8,0.00542052
5,1048576,8,0.00548927
6,1048576,8,0.00562632
7,1048576,8,0.00592756
8,1048576,8,0.00583781
9,1048576,8,0.00591065
10,1048576,8,0.00582455
11,1048576,8,0.00576854
12,1048576,8,0.00563429
13,1048576,8,0.0055332
14,1048576,8,0.00544077
15,1048576,8,0.00568693
16,1048576,8,0.00569843
17,1048576,8,0.00600755
18,1048576,8,0.00581781
19,1048576,8,0.0060523
20,1048576,8,0.00589776
21,1048576,8,0.0060728
22,1048576,8,0.0062177
23,1048576,8,0.00590496
24,1048576,8,0.00631408
25,1048576,8,0.0059264
26,1048576,8,0.00638603
27,1048576,8,0.00640283
28,1048576,8,0.00627541
29,1048576,8,0.00634418
30,1048576,8,0.00592061
31,1048576,8,0.00595963
32,1048576,8,0.00617346
33,1048576,8,0.00593897
34,1048576,8,0.00617993
35,1048576,8,0.00594753
36,1048576,8,0.00590163
37,1048576,8,0.00577365
38,1048576,8,0.00601671
39,1048576,8,0.00594805
40,1048576,8,0.00614024
41,1048576,8,0.0061652
42,1048576,8,0.00614854
43,1048576,8,0.00618922
44,1048576,8,0.00594972
45,1048576,8,0.00638916
46,1048576,8,0.00578967
47,1048576,8,0.00598157
48,1048576,8,0.00597357
49,1048576,8,0.00559948
50,1048576,8,0.00617001
51,1048576,8,0.00597004
52,1048576,8,0.00604582
53,1048576,8,0.00619054
54,1048576,8,0.00562982
55,1048576,8,0.00580078
56,1048576,8,0.00565048
57,1048576,8,0.00593702
58,1048576,8,0.00609612
59,1048576,8,0.00616037
60,1048576,8,0.00601835
61,1048576,8,0.00616679
62,1048576,8,0.00617962
63,1048576,8,0.00611657
64,1048576,8,0.00659939
65,1048576,8,0.00610388
66,1048576,8,0.00620863
67,1048576,8,0.0062508
68,1048576,8,0.00579493
69,1048576,8,0.00624527
70,1048576,8,0.00618357
71,1048576,8,0.00612158
72,1048576,8,0.00639673
73,1048576,8,0.00587217
74,1048576,8,0.0060153
75,1048576,8,0.00572558
76,1048576,8,0.00600033
77,1048576,8,0.00606337
78,1048576,8,0.00600843
79,1048576,8,0.00633057
80,1048576,8,0.00598077
81,1048576,8,0.00618939
82,1048576,8,0.00639729
83,1048576,8,0.00612367
84,1048576,8,0.00618009
85,1048576,8,0.00624812
86,1048576,8,0.00572677
87,1048576,8,0.00623047
88,1048576,8,0.00617319
89,1048576,8,0.00610184
90,1048576,8,0.0066608
91,1048576,8,0.00611879
92,1048576,8,0.00620733
93,1048576,8,0.00625678
94,1048576,8,0.00585431
0,2097152,8,0.0050048
1,2097152,8,0.00703587
2,2097152,8,0.00950323
3,2097152,8,0.0115955
4,2097152,8,0.0102449
5,2097152,8,0.0102028
6,2097152,8,0.010461
7,2097152,8,0.0106889
8,2097152,8,0.0109985
9,2097152,8,0.0111225
10,2097152,8,0.0107936
11,2097152,8,0.0109022
12,2097152,8,0.0106378
13,2097152,8,0.0106123
14,2097152,8,0.0109577
15,2097152,8,0.0111506
16,2097152,8,0.0114198
17,2097152,8,0.0117601
18,2097152,8,0.0117887
19,2097152,8,0.011819
20,2097152,8,0.0117951
21,2097152,8,0.011816
22,2097152,8,0.0117083
23,2097152,8,0.0114086
24,2097152,8,0.0113331
25,2097152,8,0.0109837
26,2097152,8,0.011001
27,2097152,8,0.0112872
28,2097152,8,0.0109204
29,2097152,8,0.0109789
30,2097152,8,0.0108833
31,2097152,8,0.0105953
32,2097152,8,0.0109201
33,2097152,8,0.0109186
34,2097152,8,0.0109031
35,2097152,8,0.010898
36,2097152,8,0.0108815
37,2097152,8,0.011167
38,2097152,8,0.0109135
39,2097152,8,0.0109779
40,2097152,8,0.0108804
41,2097152,8,0.0105934
42,2097152,8,0.0109106
43,2097152,8,0.0111661
44,2097152,8,0.0109081
45,2097152,8,0.0112438
46,2097152,8,0.0108928
47,2097152,8,0.0106596
48,2097152,8,0.010898
49,2097152,8,0.010582
50,2097152,8,0.0108996
51,2097152,8,0.0110936
52,2097152,8,0.01075
53,2097152,8,0.0110833
54,2097152,8,0.0108052
55,2097152,8,0.0108344
56,2097152,8,0.0112728
57,2097152,8,0.0109159
58,2097152,8,0.0112347
59,2097152,8,0.0109254
60,2097152,8,0.0106502
61,2097152,8,0.0109143
62,2097152,8,0.0105823
63,2097152,8,0.0109099
64,2097152,8,0.0111628
65,2097152,8,0.0109093
66,2097152,8,0.0112296
67,2097152,8,0.0108427
68,2097152,8,0.010901
69,2097152,8,0.0110437
70,2097152,8,0.0109119
71,2097152,8,0.0110998
72,2097152,8,0.0108821
73,2097152,8,0.0108408
74,2097152,8,0.0108849
75,2097152,8,0.010913
76,2097152,8,0.0108778
77,2097152,8,0.0108942
78,2097152,8,0.0108945
79,2097152,8,0.010906
80,2097152,8,0.0108133
81,2097152,8,0.0108758
82,2097152,8,0.0110483
83,2097152,8,0.0111723
84,2097152,8,0.0113527
85,2097152,8,0.0112597
86,2097152,8,0.0111422
87,2097152,8,0.0112287
88,2097152,8,0.011044
89,2097152,8,0.0114453
90,2097152,8,0.0109835
91,2097152,8,0.0108363
92,2097152,8,0.0108723
93,2097152,8,0.0105919
94,2097152,8,0.0109158
0,4194304,8,0.00975286
1,4194304,8,0.0148545
2,4194304,8,0.0194762
3,4194304,8,0.0243793
4,4194304,8,0.019651
5,4194304,8,0.0197537
6,4194304,8,0.0199907
7,4194304,8,0.0203009
8,4194304,8,0.02046
9,4194304,8,0.0205967
10,4194304,8,0.0205884
11,4194304,8,0.020599
12,4194304,8,0.0206039
13,4194304,8,0.0205917
14,4194304,8,0.0205972
15,4194304,8,0.0206238
16,4194304,8,0.020603
17,4194304,8,0.0205981
18,4194304,8,0.0205964
19,4194304,8,0.0205917
20,4194304,8,0.0206068
21,4194304,8,0.0206113
22,4194304,8,0.0206146
23,4194304,8,0.0205952
24,4194304,8,0.0206042
25,4194304,8,0.0206071
26,4194304,8,0.0206107
27,4194304,8,0.0206574
28,4194304,8,0.0206476
29,4194304,8,0.0201487
30,4194304,8,0.0195697
31,4194304,8,0.019278
32,4194304,8,0.0190123
33,4194304,8,0.019497
34,4194304,8,0.0200374
35,4194304,8,0.020298
36,4194304,8,0.0206023
37,4194304,8,0.020584
38,4194304,8,0.0205916
39,4194304,8,0.0206022
40,4194304,8,0.0205866
41,4194304,8,0.0206033
42,4194304,8,0.0206065
43,4194304,8,0.0205935
44,4194304,8,0.020601
45,4194304,8,0.0206043
46,4194304,8,0.0206375
47,4194304,8,0.0206787
48,4194304,8,0.0206201
49,4194304,8,0.0205565
50,4194304,8,0.0204334
51,4194304,8,0.0206015
52,4194304,8,0.0205849
53,4194304,8,0.020575
54,4194304,8,0.0205757
55,4194304,8,0.0205885
56,4194304,8,0.0205773
57,4194304,8,0.0205743
58,4194304,8,0.0205834
59,4194304,8,0.0205483
60,4194304,8,0.0203374
61,4194304,8,0.0199376
62,4194304,8,0.0197469
63,4194304,8,0.0194378
64,4194304,8,0.0193982
65,4194304,8,0.0198373
66,4194304,8,0.0200208
67,4194304,8,0.0202926
68,4194304,8,0.0205725
69,4194304,8,0.0205773
70,4194304,8,0.0205793
71,4194304,8,0.0205734
72,4194304,8,0.0205883
73,4194304,8,0.0205945
74,4194304,8,0.0205738
75,4194304,8,0.0205851
76,4194304,8,0.020578
77,4194304,8,0.0205756
78,4194304,8,0.0205787
79,4194304,8,0.0205831
80,4194304,8,0.0205837
81,4194304,8,0.020603
82,4194304,8,0.0205647
83,4194304,8,0.0205761
84,4194304,8,0.0205724
85,4194304,8,0.0205669
86,4194304,8,0.0205659
87,4194304,8,0.0205773
88,4194304,8,0.0205827
89,4194304,8,0.0205535
90,4194304,8,0.0202502
91,4194304,8,0.0202541
92,4194304,8,0.0199691
93,4194304,8,0.0202429
94,4194304,8,0.0202972
95,4194304,8,0.019016
0,8388608,8,0.0155223
1,8388608,8,0.0240342
2,8388608,8,0.0330202
3,8388608,8,0.0424502
4,8388608,8,0.0383374
5,8388608,8,0.0384593
6,8388608,8,0.0385253
7,8388608,8,0.038625
8,8388608,8,0.0386219
9,8388608,8,0.0386295
10,8388608,8,0.0386259
11,8388608,8,0.0386358
12,8388608,8,0.0386663
13,8388608,8,0.0386323
14,8388608,8,0.038642
15,8388608,8,0.0386166
16,8388608,8,0.0386355
17,8388608,8,0.038619
18,8388608,8,0.0386146
19,8388608,8,0.0386258
20,8388608,8,0.0386417
21,8388608,8,0.038606
22,8388608,8,0.038627
23,8388608,8,0.0386281
24,8388608,8,0.038648
25,8388608,8,0.0387295
26,8388608,8,0.0387215
27,8388608,8,0.0386393
28,8388608,8,0.0384362
29,8388608,8,0.0386255
30,8388608,8,0.0386191
31,8388608,8,0.0386138
32,8388608,8,0.0386373
33,8388608,8,0.0386189
34,8388608,8,0.0386168
35,8388608,8,0.0386288
36,8388608,8,0.0386153
37,8388608,8,0.0386166
38,8388608,8,0.0386228
39,8388608,8,0.0386325
40,8388608,8,0.0386305
41,8388608,8,0.0386297
42,8388608,8,0.0386375
43,8388608,8,0.038623
44,8388608,8,0.0386323
45,8388608,8,0.0386341
46,8388608,8,0.0386335
47,8388608,8,0.0386477
48,8388608,8,0.038636
49,8388608,8,0.0386388
50,8388608,8,0.038634
51,8388608,8,0.0386312
52,8388608,8,0.0386345
53,8388608,8,0.0386108
54,8388608,8,0.0385594
55,8388608,8,0.038287
56,8388608,8,0.037926
57,8388608,8,0.0376031
58,8388608,8,0.0373547
59,8388608,8,0.0373294
60,8388608,8,0.0377826
61,8388608,8,0.0381742
62,8388608,8,0.0383636
63,8388608,8,0.0386524
64,8388608,8,0.0386257
65,8388608,8,0.038632
66,8388608,8,0.0386255
67,8388608,8,0.0386248
68,8388608,8,0.0386175
69,8388608,8,0.0386231
70,8388608,8,0.0386373
71,8388608,8,0.0386192
72,8388608,8,0.0386249
73,8388608,8,0.0386439
74,8388608,8,0.0386308
75,8388608,8,0.0386403
76,8388608,8,0.0386666
77,8388608,8,0.0387474
78,8388608,8,0.038721
79,8388608,8,0.0385607
80,8388608,8,0.0384719
81,8388608,8,0.038633
82,8388608,8,0.0386339
83,8388608,8,0.0386188
84,8388608,8,0.0386325
85,8388608,8,0.0386096
86,8388608,8,0.0386335
87,8388608,8,0.038629
88,8388608,8,0.0386415
89,8388608,8,0.0386219
90,8388608,8,0.0386348
91,8388608,8,0.0386238
92,8388608,8,0.0386228
93,8388608,8,0.0386453
94,8388608,8,0.0386557
95,8388608,8,0.0386308
0,16777216,8,0.0289268
1,16777216,8,0.0463897
2,16777216,8,0.0643737
3,16777216,8,0.0822421
4,16777216,8,0.0743191
5,16777216,8,0.0746365
6,16777216,8,0.0743158
7,16777216,8,0.0743065
8,16777216,8,0.0742881
9,16777216,8,0.0743384
10,16777216,8,0.0743096
11,16777216,8,0.0743773
12,16777216,8,0.0742712
13,16777216,8,0.074404
14,16777216,8,0.074362
15,16777216,8,0.0744484
16,16777216,8,0.0741141
17,16777216,8,0.0744125
18,16777216,8,0.0743339
19,16777216,8,0.0742842
20,16777216,8,0.0743064
21,16777216,8,0.0743259
22,16777216,8,0.0742727
23,16777216,8,0.0742789
24,16777216,8,0.0742281
25,16777216,8,0.0742379
26,16777216,8,0.0742467
27,16777216,8,0.0742208
28,16777216,8,0.0742134
29,16777216,8,0.0742703
30,16777216,8,0.0742489
31,16777216,8,0.0742521
32,16777216,8,0.074233
33,16777216,8,0.0742235
34,16777216,8,0.0742098
35,16777216,8,0.074247
36,16777216,8,0.0741875
37,16777216,8,0.0742469
38,16777216,8,0.0742173
39,16777216,8,0.0742856
40,16777216,8,0.0743515
41,16777216,8,0.074369
42,16777216,8,0.0743171
43,16777216,8,0.0741098
44,16777216,8,0.0742364
45,16777216,8,0.0742321
46,16777216,8,0.0742704
47,16777216,8,0.0742601
48,16777216,8,0.0742521
49,16777216,8,0.0742836
50,16777216,8,0.0742443
51,16777216,8,0.0743032
52,16777216,8,0.0742618
53,16777216,8,0.0742827
54,16777216,8,0.0742771
55,16777216,8,0.0742747
56,16777216,8,0.0744275
57,16777216,8,0.0743555
58,16777216,8,0.0744138
59,16777216,8,0.0743948
60,16777216,8,0.0744478
61,16777216,8,0.0746209
62,16777216,8,0.0746235
63,16777216,8,0.074618
64,16777216,8,0.0744325
65,16777216,8,0.0742521
66,16777216,8,0.0742282
67,16777216,8,0.0744456
68,16777216,8,0.0746876
69,16777216,8,0.0750651
70,16777216,8,0.0750748
71,16777216,8,0.0748981
72,16777216,8,0.0744509
73,16777216,8,0.0743675
74,16777216,8,0.0742595
75,16777216,8,0.0742733
76,16777216,8,0.0742561
77,16777216,8,0.0743189
78,16777216,8,0.0744096
79,16777216,8,0.0744226
80,16777216,8,0.0745197
81,16777216,8,0.0745221
82,16777216,8,0.0748539
83,16777216,8,0.075305
84,16777216,8,0.0752757
85,16777216,8,0.0750434
86,16777216,8,0.0745115
87,16777216,8,0.0754077
88,16777216,8,0.0762348
89,16777216,8,0.0761514
90,16777216,8,0.0764472
91,16777216,8,0.0750332
92,16777216,8,0.0749943
93,16777216,8,0.0750976
94,16777216,8,0.0744649
95,16777216,8,0.0745898
