0,2,2,0.000497129
1,2,2,0.000862231
2,2,2,9.25701e-05
3,2,2,7.28925e-05
4,2,2,0.000101586
5,2,2,0.000107843
6,2,2,8.28814e-05
7,2,2,0.00010085
8,2,2,7.49415e-05
9,2,2,7.36587e-05
10,2,2,7.28776e-05
11,2,2,9.43982e-05
12,2,2,9.37711e-05
13,2,2,9.1027e-05
14,2,2,9.67973e-05
15,2,2,0.000120653
16,2,2,0.000122015
17,2,2,6.92405e-05
18,2,2,9.57106e-05
19,2,2,0.000118944
20,2,2,9.25593e-05
21,2,2,8.57462e-05
22,2,2,9.41321e-05
23,2,2,9.07762e-05
24,2,2,9.02601e-05
25,2,2,8.65032e-05
26,2,2,0.000117847
27,2,2,6.53532e-05
28,2,2,6.72867e-05
29,2,2,6.53479e-05
30,2,2,9.86814e-05
31,2,2,6.85444e-05
32,2,2,6.75672e-05
33,2,2,6.71568e-05
34,2,2,6.64005e-05
35,2,2,6.49625e-05
36,2,2,9.03807e-05
37,2,2,9.22541e-05
38,2,2,9.42029e-05
39,2,2,7.60534e-05
40,2,2,6.6986e-05
41,2,2,6.61103e-05
42,2,2,0.000100164
43,2,2,7.34685e-05
44,2,2,6.98062e-05
45,2,2,6.57338e-05
46,2,2,6.74471e-05
47,2,2,8.64081e-05
48,2,2,8.82613e-05
49,2,2,0.000114145
50,2,2,9.08912e-05
51,2,2,0.000115568
52,2,2,9.43781e-05
53,2,2,6.44618e-05
54,2,2,6.87842e-05
55,2,2,0.000101507
56,2,2,9.13872e-05
57,2,2,8.70788e-05
58,2,2,9.1312e-05
59,2,2,0.00010082
60,2,2,8.65778e-05
61,2,2,9.43982e-05
62,2,2,9.06812e-05
63,2,2,9.00897e-05
64,2,2,8.89079e-05
65,2,2,7.24819e-05
66,2,2,6.72768e-05
67,2,2,7.98402e-05
68,2,2,7.12943e-05
69,2,2,6.64807e-05
70,2,2,9.37723e-05
71,2,2,0.000117
72,2,2,8.84665e-05
73,2,2,0.000100194
74,2,2,0.000104968
75,2,2,8.8582e-05
76,2,2,7.04631e-05
77,2,2,8.84264e-05
78,2,2,9.69829e-05
79,2,2,9.42228e-05
80,2,2,8.61374e-05
81,2,2,6.47577e-05
82,2,2,6.88248e-05
83,2,2,7.21064e-05
84,2,2,6.75268e-05
85,2,2,9.63117e-05
86,2,2,7.12289e-05
87,2,2,6.7117e-05
88,2,2,6.50271e-05
89,2,2,6.45419e-05
90,2,2,9.80051e-05
91,2,2,6.52424e-05
92,2,2,6.95659e-05
93,2,2,6.77775e-05
94,2,2,7.02125e-05
95,2,2,6.85095e-05
96,2,2,6.51627e-05
97,2,2,6.49983e-05
98,2,2,6.49519e-05
99,2,2,6.65957e-05
0,4,2,0.000557157
1,4,2,0.000673535
2,4,2,0.000126709
3,4,2,7.59127e-05
4,4,2,0.000114035
5,4,2,0.000124073
6,4,2,8.64128e-05
7,4,2,0.000102814
8,4,2,0.00010081
9,4,2,0.000124189
10,4,2,8.56916e-05
11,4,2,0.000115242
12,4,2,7.05881e-05
13,4,2,9.94517e-05
14,4,2,0.000102739
15,4,2,9.80846e-05
16,4,2,6.91757e-05
17,4,2,6.94157e-05
18,4,2,6.68811e-05
19,4,2,7.48058e-05
20,4,2,6.79077e-05
21,4,2,6.75075e-05
22,4,2,6.83042e-05
23,4,2,9.59159e-05
24,4,2,9.37663e-05
25,4,2,0.000118028
26,4,2,9.17777e-05
27,4,2,0.000118017
28,4,2,8.94594e-05
29,4,2,9.2625e-05
30,4,2,0.000102388
31,4,2,7.42202e-05
32,4,2,6.83446e-05
33,4,2,8.98295e-05
34,4,2,8.7239e-05
35,4,2,9.16484e-05
36,4,2,8.92229e-05
37,4,2,8.97044e-05
38,4,2,0.000116599
39,4,2,8.93892e-05
40,4,2,9.51291e-05
41,4,2,8.99742e-05
42,4,2,9.56754e-05
43,4,2,9.72479e-05
44,4,2,8.82563e-05
45,4,2,8.71649e-05
46,4,2,0.000115508
47,4,2,9.74039e-05
48,4,2,9.13926e-05
49,4,2,9.4814e-05
50,4,2,8.77905e-05
51,4,2,8.32911e-05
52,4,2,6.52823e-05
53,4,2,9.68482e-05
54,4,2,6.99721e-05
55,4,2,8.89926e-05
56,4,2,8.84167e-05
57,4,2,8.9594e-05
58,4,2,9.1052e-05
59,4,2,9.60807e-05
60,4,2,8.8723e-05
61,4,2,8.9158e-05
62,4,2,8.78705e-05
63,4,2,8.87923e-05
64,4,2,9.07761e-05
65,4,2,6.90006e-05
66,4,2,6.8429e-05
67,4,2,6.65348e-05
68,4,2,9.60759e-05
69,4,2,9.11817e-05
70,4,2,8.89529e-05
71,4,2,9.46184e-05
72,4,2,9.52091e-05
73,4,2,0.000117867
74,4,2,8.73947e-05
75,4,2,8.73345e-05
76,4,2,8.86172e-05
77,4,2,9.14225e-05
78,4,2,8.9298e-05
79,4,2,0.000117376
80,4,2,8.87165e-05
81,4,2,9.14228e-05
82,4,2,7.07737e-05
83,4,2,9.32761e-05
84,4,2,8.98194e-05
85,4,2,8.75753e-05
86,4,2,8.90373e-05
87,4,2,0.000117306
88,4,2,9.22846e-05
89,4,2,8.93127e-05
90,4,2,8.98938e-05
91,4,2,9.10123e-05
92,4,2,9.0446e-05
93,4,2,9.16572e-05
94,4,2,0.000126413
95,4,2,8.95835e-05
96,4,2,7.91147e-05
97,4,2,9.06109e-05
98,4,2,0.00011941
99,4,2,0.000151666
0,8,2,0.0004847
1,8,2,0.00145377
2,8,2,0.000161429
3,8,2,0.000118969
4,8,2,0.000101862
5,8,2,6.93307e-05
6,8,2,9.64821e-05
7,8,2,0.000103125
8,8,2,9.94977e-05
9,8,2,9.83803e-05
10,8,2,9.96485e-05
11,8,2,9.73234e-05
12,8,2,7.0703e-05
13,8,2,7.30922e-05
14,8,2,7.10944e-05
15,8,2,6.90103e-05
16,8,2,6.61695e-05
17,8,2,6.77123e-05
18,8,2,0.000118899
19,8,2,0.000124394
20,8,2,8.31119e-05
21,8,2,9.74993e-05
22,8,2,8.752e-05
23,8,2,9.12873e-05
24,8,2,0.000120773
25,8,2,0.000104823
26,8,2,6.69605e-05
27,8,2,0.00010865
28,8,2,9.4564e-05
29,8,2,9.61811e-05
30,8,2,9.37824e-05
31,8,2,0.000119626
32,8,2,9.0751e-05
33,8,2,0.000118899
34,8,2,9.40522e-05
35,8,2,9.21534e-05
36,8,2,9.04404e-05
37,8,2,8.97293e-05
38,8,2,8.9819e-05
39,8,2,0.000124068
40,8,2,9.25697e-05
41,8,2,9.67224e-05
42,8,2,0.000122391
43,8,2,9.80048e-05
44,8,2,8.99046e-05
45,8,2,9.06657e-05
46,8,2,0.000117576
47,8,2,0.000109927
48,8,2,7.41151e-05
49,8,2,6.85438e-05
50,8,2,7.10594e-05
51,8,2,9.08559e-05
52,8,2,8.83917e-05
53,8,2,8.7595e-05
54,8,2,8.60327e-05
55,8,2,6.63903e-05
56,8,2,0.000102008
57,8,2,7.21007e-05
58,8,2,8.75797e-05
59,8,2,8.50751e-05
60,8,2,8.79207e-05
61,8,2,9.01649e-05
62,8,2,9.23392e-05
63,8,2,9.10211e-05
64,8,2,8.62471e-05
65,8,2,0.000116314
66,8,2,8.97341e-05
67,8,2,0.000756441
68,8,2,0.000133922
69,8,2,8.97039e-05
70,8,2,8.8407e-05
71,8,2,8.8342e-05
72,8,2,8.73395e-05
73,8,2,0.000114946
74,8,2,0.000119089
75,8,2,0.000134799
76,8,2,7.16251e-05
77,8,2,8.31418e-05
78,8,2,8.96232e-05
79,8,2,8.46994e-05
80,8,2,8.64579e-05
81,8,2,6.72014e-05
82,8,2,0.000122401
83,8,2,9.72932e-05
84,8,2,8.92681e-05
85,8,2,9.14378e-05
86,8,2,8.55564e-05
87,8,2,8.08224e-05
88,8,2,7.09137e-05
89,8,2,6.8334e-05
90,8,2,6.8429e-05
91,8,2,6.51128e-05
92,8,2,6.80981e-05
93,8,2,0.000187669
94,8,2,9.3121e-05
95,8,2,8.86468e-05
96,8,2,0.000116239
97,8,2,8.76048e-05
98,8,2,8.66184e-05
99,8,2,8.88377e-05
0,16,2,0.000577916
1,16,2,0.000492359
2,16,2,0.000149166
3,16,2,7.16799e-05
4,16,2,7.13391e-05
5,16,2,9.72134e-05
6,16,2,9.65116e-05
7,16,2,9.68379e-05
8,16,2,0.000106586
9,16,2,9.22942e-05
10,16,2,0.00011648
11,16,2,9.84655e-05
12,16,2,0.000127896
13,16,2,9.06312e-05
14,16,2,9.14924e-05
15,16,2,9.35857e-05
16,16,2,0.0001189
17,16,2,9.21991e-05
18,16,2,8.74744e-05
19,16,2,8.7846e-05
20,16,2,8.56862e-05
21,16,2,8.60525e-05
22,16,2,9.5365e-05
23,16,2,0.000124404
24,16,2,8.77961e-05
25,16,2,8.75651e-05
26,16,2,8.49151e-05
27,16,2,9.12269e-05
28,16,2,0.000100174
29,16,2,6.81285e-05
30,16,2,0.000133011
31,16,2,7.5873e-05
32,16,2,6.69262e-05
33,16,2,6.76921e-05
34,16,2,6.84889e-05
35,16,2,6.60553e-05
36,16,2,6.38359e-05
37,16,2,6.33493e-05
38,16,2,6.42317e-05
39,16,2,6.77374e-05
40,16,2,9.37472e-05
41,16,2,6.5303e-05
42,16,2,6.71222e-05
43,16,2,7.56676e-05
44,16,2,7.57477e-05
45,16,2,7.52263e-05
46,16,2,7.1545e-05
47,16,2,7.81473e-05
48,16,2,8.2781e-05
49,16,2,7.11085e-05
50,16,2,8.72648e-05
51,16,2,6.87905e-05
52,16,2,0.000152768
53,16,2,0.000115393
54,16,2,8.76159e-05
55,16,2,8.70493e-05
56,16,2,7.24165e-05
57,16,2,6.63056e-05
58,16,2,6.6921e-05
59,16,2,6.56192e-05
60,16,2,7.16808e-05
61,16,2,0.000159281
62,16,2,6.69212e-05
63,16,2,6.56139e-05
64,16,2,6.61897e-05
65,16,2,0.000157637
66,16,2,8.60073e-05
67,16,2,8.77102e-05
68,16,2,0.000115343
69,16,2,8.72841e-05
70,16,2,0.000113659
71,16,2,8.54063e-05
72,16,2,6.77577e-05
73,16,2,6.76424e-05
74,16,2,6.5108e-05
75,16,2,6.23578e-05
76,16,2,6.65001e-05
77,16,2,0.00024686
78,16,2,7.10188e-05
79,16,2,6.32945e-05
80,16,2,6.95923e-05
81,16,2,6.68257e-05
82,16,2,0.00010047
83,16,2,7.28975e-05
84,16,2,6.79379e-05
85,16,2,0.000128958
86,16,2,6.59893e-05
87,16,2,6.50675e-05
88,16,2,6.44961e-05
89,16,2,9.60561e-05
90,16,2,8.02761e-05
91,16,2,7.35882e-05
92,16,2,7.53274e-05
93,16,2,6.99321e-05
94,16,2,7.7516e-05
95,16,2,6.78828e-05
96,16,2,7.83874e-05
97,16,2,7.24766e-05
98,16,2,9.21085e-05
99,16,2,6.55485e-05
0,32,2,0.000542379
1,32,2,0.000576973
2,32,2,0.000165452
3,32,2,0.000128337
4,32,2,0.000132115
5,32,2,0.000123162
6,32,2,8.67882e-05
7,32,2,6.85693e-05
8,32,2,0.000101051
9,32,2,0.000125562
10,32,2,0.000123673
11,32,2,9.65177e-05
12,32,2,0.000101863
13,32,2,0.000128181
14,32,2,9.2815e-05
15,32,2,0.000116029
16,32,2,8.95986e-05
17,32,2,9.29699e-05
18,32,2,9.05297e-05
19,32,2,9.30153e-05
20,32,2,9.71528e-05
21,32,2,9.23791e-05
22,32,2,8.87471e-05
23,32,2,9.9047e-05
24,32,2,9.81251e-05
25,32,2,9.33209e-05
26,32,2,8.70294e-05
27,32,2,9.09319e-05
28,32,2,8.3177e-05
29,32,2,0.000127275
30,32,2,0.00011976
31,32,2,0.000104833
32,32,2,8.8011e-05
33,32,2,8.95883e-05
34,32,2,8.40194e-05
35,32,2,0.000109822
36,32,2,8.02315e-05
37,32,2,0.000106731
38,32,2,0.000141056
39,32,2,0.000109781
40,32,2,0.000101938
41,32,2,0.000103816
42,32,2,7.43356e-05
43,32,2,8.73947e-05
44,32,2,8.88529e-05
45,32,2,9.48339e-05
46,32,2,7.08992e-05
47,32,2,6.62257e-05
48,32,2,9.35867e-05
49,32,2,0.000104632
50,32,2,9.00043e-05
51,32,2,9.54996e-05
52,32,2,8.6799e-05
53,32,2,9.52297e-05
54,32,2,6.37804e-05
55,32,2,6.30192e-05
56,32,2,7.18605e-05
57,32,2,6.73371e-05
58,32,2,6.37051e-05
59,32,2,6.30947e-05
60,32,2,6.4932e-05
61,32,2,6.65157e-05
62,32,2,8.76349e-05
63,32,2,8.76806e-05
64,32,2,0.000116209
65,32,2,8.92783e-05
66,32,2,8.66933e-05
67,32,2,0.000115273
68,32,2,7.43105e-05
69,32,2,6.91554e-05
70,32,2,6.69264e-05
71,32,2,6.83791e-05
72,32,2,6.49572e-05
73,32,2,8.42396e-05
74,32,2,8.66185e-05
75,32,2,9.23643e-05
76,32,2,8.84121e-05
77,32,2,9.1833e-05
78,32,2,8.66334e-05
79,32,2,0.000114325
80,32,2,0.00011703
81,32,2,8.89074e-05
82,32,2,0.000128447
83,32,2,9.37519e-05
84,32,2,8.97043e-05
85,32,2,7.0032e-05
86,32,2,8.95683e-05
87,32,2,8.98594e-05
88,32,2,8.91481e-05
89,32,2,9.00598e-05
90,32,2,6.55887e-05
91,32,2,9.23838e-05
92,32,2,9.1107e-05
93,32,2,9.03458e-05
94,32,2,0.000113214
95,32,2,0.000101361
96,32,2,7.85776e-05
97,32,2,0.000139338
98,32,2,9.98436e-05
99,32,2,8.76959e-05
0,64,2,0.000512487
1,64,2,0.000587808
2,64,2,0.00015898
3,64,2,7.73962e-05
4,64,2,7.54169e-05
5,64,2,7.34586e-05
6,64,2,0.000125041
7,64,2,0.00010116
8,64,2,9.40074e-05
9,64,2,9.16177e-05
10,64,2,8.13376e-05
11,64,2,6.70112e-05
12,64,2,0.00012983
13,64,2,0.0001218
14,64,2,9.90321e-05
15,64,2,0.000132355
16,64,2,0.000122722
17,64,2,0.000128992
18,64,2,7.98213e-05
19,64,2,0.000126499
20,64,2,0.000106922
21,64,2,0.000105163
22,64,2,0.000113409
23,64,2,0.000141586
24,64,2,0.000147102
25,64,2,0.000101962
26,64,2,6.99669e-05
27,64,2,7.18058e-05
28,64,2,6.81184e-05
29,64,2,9.45927e-05
30,64,2,9.08059e-05
31,64,2,9.31554e-05
32,64,2,0.000127119
33,64,2,9.10159e-05
34,64,2,8.95087e-05
35,64,2,8.7209e-05
36,64,2,0.000119631
37,64,2,9.11913e-05
38,64,2,8.72949e-05
39,64,2,0.000114801
40,64,2,8.57516e-05
41,64,2,8.7475e-05
42,64,2,0.000118974
43,64,2,9.13023e-05
44,64,2,0.000131603
45,64,2,9.10223e-05
46,64,2,0.000109016
47,64,2,0.000143059
48,64,2,0.000113735
49,64,2,0.000108169
50,64,2,0.000150904
51,64,2,8.89731e-05
52,64,2,9.40016e-05
53,64,2,0.000104662
54,64,2,0.000108344
55,64,2,0.000127891
56,64,2,8.88525e-05
57,64,2,0.000110563
58,64,2,0.000134694
59,64,2,0.000105008
60,64,2,0.000118484
61,64,2,7.16102e-05
62,64,2,6.56234e-05
63,64,2,6.75877e-05
64,64,2,6.53778e-05
65,64,2,9.09617e-05
66,64,2,9.51043e-05
67,64,2,9.57308e-05
68,64,2,9.35763e-05
69,64,2,0.000119835
70,64,2,6.99671e-05
71,64,2,9.7268e-05
72,64,2,9.89066e-05
73,64,2,9.66972e-05
74,64,2,0.000117831
75,64,2,8.71641e-05
76,64,2,8.7665e-05
77,64,2,7.32887e-05
78,64,2,9.0812e-05
79,64,2,8.90679e-05
80,64,2,8.83718e-05
81,64,2,9.02004e-05
82,64,2,6.77775e-05
83,64,2,9.4403e-05
84,64,2,0.000118674
85,64,2,9.06312e-05
86,64,2,8.82566e-05
87,64,2,8.75299e-05
88,64,2,8.61276e-05
89,64,2,8.95386e-05
90,64,2,0.000114511
91,64,2,9.03608e-05
92,64,2,9.69031e-05
93,64,2,9.52495e-05
94,64,2,9.05255e-05
95,64,2,9.04805e-05
96,64,2,8.7595e-05
97,64,2,8.87626e-05
98,64,2,9.46383e-05
99,64,2,8.42137e-05
0,128,2,0.000498872
1,128,2,0.000525781
2,128,2,0.000181101
3,128,2,7.2877e-05
4,128,2,9.9653e-05
5,128,2,0.000137764
6,128,2,0.000114505
7,128,2,9.36367e-05
8,128,2,9.70885e-05
9,128,2,0.000119551
10,128,2,9.0826e-05
11,128,2,8.77852e-05
12,128,2,9.24944e-05
13,128,2,9.43527e-05
14,128,2,0.000120528
15,128,2,0.000116664
16,128,2,9.43475e-05
17,128,2,9.24592e-05
18,128,2,6.84295e-05
19,128,2,0.000146201
20,128,2,9.74235e-05
21,128,2,9.32349e-05
22,128,2,9.21585e-05
23,128,2,9.20336e-05
24,128,2,9.11919e-05
25,128,2,8.81808e-05
26,128,2,8.75504e-05
27,128,2,8.81667e-05
28,128,2,0.000117191
29,128,2,9.45585e-05
30,128,2,0.000124189
31,128,2,0.000136768
32,128,2,0.000115768
33,128,2,0.000110989
34,128,2,8.51353e-05
35,128,2,8.46143e-05
36,128,2,8.45189e-05
37,128,2,0.000110088
38,128,2,0.000105338
39,128,2,9.76638e-05
40,128,2,9.11814e-05
41,128,2,8.72249e-05
42,128,2,8.92893e-05
43,128,2,7.32225e-05
44,128,2,9.28149e-05
45,128,2,8.99094e-05
46,128,2,8.61324e-05
47,128,2,8.70794e-05
48,128,2,6.99067e-05
49,128,2,0.000121785
50,128,2,0.000119134
51,128,2,8.5852e-05
52,128,2,8.77408e-05
53,128,2,8.66833e-05
54,128,2,0.000119726
55,128,2,6.72715e-05
56,128,2,6.50531e-05
57,128,2,6.7622e-05
58,128,2,6.67312e-05
59,128,2,8.44346e-05
60,128,2,8.39936e-05
61,128,2,8.40738e-05
62,128,2,8.78558e-05
63,128,2,0.000112823
64,128,2,8.84923e-05
65,128,2,6.6245e-05
66,128,2,9.45483e-05
67,128,2,0.0001141
68,128,2,0.000104267
69,128,2,0.000135651
70,128,2,0.000104367
71,128,2,0.000105619
72,128,2,6.87051e-05
73,128,2,8.58867e-05
74,128,2,8.7019e-05
75,128,2,8.5666e-05
76,128,2,8.76055e-05
77,128,2,8.90231e-05
78,128,2,8.79011e-05
79,128,2,8.65828e-05
80,128,2,8.66233e-05
81,128,2,8.43994e-05
82,128,2,0.00011393
83,128,2,8.76358e-05
84,128,2,6.79033e-05
85,128,2,9.1868e-05
86,128,2,8.50103e-05
87,128,2,8.59713e-05
88,128,2,7.78168e-05
89,128,2,6.7142e-05
90,128,2,9.08267e-05
91,128,2,8.47751e-05
92,128,2,8.733e-05
93,128,2,8.5532e-05
94,128,2,9.82847e-05
95,128,2,0.000113819
96,128,2,0.000108454
97,128,2,0.000131613
98,128,2,0.000114696
99,128,2,0.000117451
0,256,2,0.000514782
1,256,2,0.000573331
2,256,2,0.000124975
3,256,2,7.01874e-05
4,256,2,0.000100169
5,256,2,0.000105514
6,256,2,0.000131228
7,256,2,0.000126203
8,256,2,9.15671e-05
9,256,2,0.000113113
10,256,2,0.00014323
11,256,2,0.000121505
12,256,2,0.000109421
13,256,2,0.000115974
14,256,2,0.000123372
15,256,2,0.000116029
16,256,2,0.00011622
17,256,2,7.94747e-05
18,256,2,7.20009e-05
19,256,2,0.000100048
20,256,2,8.20045e-05
21,256,2,9.59508e-05
22,256,2,9.00846e-05
23,256,2,8.7124e-05
24,256,2,8.91036e-05
25,256,2,0.000115433
26,256,2,9.15729e-05
27,256,2,9.09369e-05
28,256,2,9.69679e-05
29,256,2,9.14223e-05
30,256,2,8.1434e-05
31,256,2,6.97664e-05
32,256,2,7.31684e-05
33,256,2,6.8314e-05
34,256,2,6.65103e-05
35,256,2,9.20279e-05
36,256,2,9.65077e-05
37,256,2,8.26501e-05
38,256,2,9.17077e-05
39,256,2,9.36814e-05
40,256,2,9.2064e-05
41,256,2,8.83816e-05
42,256,2,8.79809e-05
43,256,2,0.000106406
44,256,2,7.08785e-05
45,256,2,9.4829e-05
46,256,2,8.94784e-05
47,256,2,8.83363e-05
48,256,2,9.08907e-05
49,256,2,8.88468e-05
50,256,2,9.2454e-05
51,256,2,0.000115477
52,256,2,8.80563e-05
53,256,2,8.90676e-05
54,256,2,9.03306e-05
55,256,2,9.06767e-05
56,256,2,0.000115733
57,256,2,8.76901e-05
58,256,2,8.59319e-05
59,256,2,8.54512e-05
60,256,2,8.79058e-05
61,256,2,9.29702e-05
62,256,2,9.1182e-05
63,256,2,9.01842e-05
64,256,2,0.000116921
65,256,2,9.27603e-05
66,256,2,9.4804e-05
67,256,2,9.87665e-05
68,256,2,9.02609e-05
69,256,2,9.00149e-05
70,256,2,9.06104e-05
71,256,2,9.12318e-05
72,256,2,0.0001301
73,256,2,9.04003e-05
74,256,2,8.92231e-05
75,256,2,9.20238e-05
76,256,2,9.35273e-05
77,256,2,9.3572e-05
78,256,2,0.000120512
79,256,2,9.18328e-05
80,256,2,9.00998e-05
81,256,2,8.7996e-05
82,256,2,9.13674e-05
83,256,2,9.70475e-05
84,256,2,7.30526e-05
85,256,2,6.98965e-05
86,256,2,7.37093e-05
87,256,2,6.76826e-05
88,256,2,7.64135e-05
89,256,2,9.49744e-05
90,256,2,8.75152e-05
91,256,2,0.000115663
92,256,2,8.99189e-05
93,256,2,8.92234e-05
94,256,2,9.63814e-05
95,256,2,9.80902e-05
96,256,2,0.000117392
97,256,2,8.91683e-05
98,256,2,8.64333e-05
99,256,2,8.9298e-05
0,512,2,0.000583095
1,512,2,0.000484968
2,512,2,0.000150143
3,512,2,0.000103671
4,512,2,0.000127421
5,512,2,0.000101176
6,512,2,0.000117566
7,512,2,0.000129614
8,512,2,9.36618e-05
9,512,2,9.19182e-05
10,512,2,0.000117161
11,512,2,0.000107323
12,512,2,0.000122141
13,512,2,9.05306e-05
14,512,2,9.06363e-05
15,512,2,9.24343e-05
16,512,2,7.46507e-05
17,512,2,9.18227e-05
18,512,2,8.85313e-05
19,512,2,0.000117657
20,512,2,8.64978e-05
21,512,2,0.000114692
22,512,2,8.98888e-05
23,512,2,9.10971e-05
24,512,2,8.71342e-05
25,512,2,8.71245e-05
26,512,2,8.97939e-05
27,512,2,9.03156e-05
28,512,2,9.08563e-05
29,512,2,8.17038e-05
30,512,2,9.92622e-05
31,512,2,9.33709e-05
32,512,2,6.70913e-05
33,512,2,6.92851e-05
34,512,2,7.38438e-05
35,512,2,6.52279e-05
36,512,2,6.59843e-05
37,512,2,6.61346e-05
38,512,2,9.05004e-05
39,512,2,8.14387e-05
40,512,2,7.12997e-05
41,512,2,7.16494e-05
42,512,2,7.26871e-05
43,512,2,6.68907e-05
44,512,2,9.31204e-05
45,512,2,8.62929e-05
46,512,2,8.74043e-05
47,512,2,0.000118132
48,512,2,9.64663e-05
49,512,2,0.000104161
50,512,2,0.000104082
51,512,2,9.57257e-05
52,512,2,0.00010353
53,512,2,0.000101352
54,512,2,9.59404e-05
55,512,2,0.000122356
56,512,2,9.39269e-05
57,512,2,9.76839e-05
58,512,2,9.19231e-05
59,512,2,9.39122e-05
60,512,2,9.16838e-05
61,512,2,6.4166e-05
62,512,2,6.52926e-05
63,512,2,6.87545e-05
64,512,2,6.85896e-05
65,512,2,6.57041e-05
66,512,2,6.69658e-05
67,512,2,6.53337e-05
68,512,2,8.61328e-05
69,512,2,8.30321e-05
70,512,2,8.98248e-05
71,512,2,0.000113649
72,512,2,6.76023e-05
73,512,2,6.46371e-05
74,512,2,6.17016e-05
75,512,2,6.354e-05
76,512,2,6.33241e-05
77,512,2,9.88716e-05
78,512,2,0.000100239
79,512,2,6.48427e-05
80,512,2,9.87859e-05
81,512,2,6.45569e-05
82,512,2,8.6423e-05
83,512,2,8.84766e-05
84,512,2,9.12171e-05
85,512,2,8.07571e-05
86,512,2,6.39712e-05
87,512,2,6.29094e-05
88,512,2,9.65823e-05
89,512,2,6.913e-05
90,512,2,6.77324e-05
91,512,2,6.65406e-05
92,512,2,6.39909e-05
93,512,2,9.26197e-05
94,512,2,6.42711e-05
95,512,2,6.39756e-05
96,512,2,6.56184e-05
97,512,2,7.54173e-05
98,512,2,6.89954e-05
99,512,2,6.55341e-05
0,1024,2,0.00047682
1,1024,2,0.000452227
2,1024,2,0.000130331
3,1024,2,7.03932e-05
4,1024,2,8.02468e-05
5,1024,2,9.95375e-05
6,1024,2,8.46541e-05
7,1024,2,7.05582e-05
8,1024,2,0.000100164
9,1024,2,0.00012484
10,1024,2,9.77094e-05
11,1024,2,7.25818e-05
12,1024,2,6.79726e-05
13,1024,2,9.72127e-05
14,1024,2,6.66002e-05
15,1024,2,9.27705e-05
16,1024,2,9.74239e-05
17,1024,2,9.25892e-05
18,1024,2,9.15932e-05
19,1024,2,8.91486e-05
20,1024,2,9.23995e-05
21,1024,2,8.91581e-05
22,1024,2,9.50545e-05
23,1024,2,9.84253e-05
24,1024,2,6.61194e-05
25,1024,2,6.55885e-05
26,1024,2,6.52532e-05
27,1024,2,6.59599e-05
28,1024,2,9.56153e-05
29,1024,2,6.86091e-05
30,1024,2,6.84636e-05
31,1024,2,6.95106e-05
32,1024,2,8.88377e-05
33,1024,2,8.92529e-05
34,1024,2,0.00011657
35,1024,2,9.29756e-05
36,1024,2,0.000118358
37,1024,2,9.1267e-05
38,1024,2,0.000115899
39,1024,2,8.44894e-05
40,1024,2,9.63715e-05
41,1024,2,9.68627e-05
42,1024,2,0.000108019
43,1024,2,6.57546e-05
44,1024,2,6.67611e-05
45,1024,2,6.49119e-05
46,1024,2,6.80982e-05
47,1024,2,7.3018e-05
48,1024,2,0.000120793
49,1024,2,0.0001089
50,1024,2,8.82415e-05
51,1024,2,8.78409e-05
52,1024,2,0.000121153
53,1024,2,9.11975e-05
54,1024,2,6.71765e-05
55,1024,2,8.8427e-05
56,1024,2,8.83162e-05
57,1024,2,9.44981e-05
58,1024,2,0.000102779
59,1024,2,8.7795e-05
60,1024,2,8.74653e-05
61,1024,2,0.000116961
62,1024,2,9.46178e-05
63,1024,2,9.00953e-05
64,1024,2,9.27299e-05
65,1024,2,6.3981e-05
66,1024,2,9.17077e-05
67,1024,2,9.18527e-05
68,1024,2,8.42739e-05
69,1024,2,9.10611e-05
70,1024,2,8.91729e-05
71,1024,2,6.49627e-05
72,1024,2,6.27534e-05
73,1024,2,6.58344e-05
74,1024,2,6.57291e-05
75,1024,2,0.000123262
76,1024,2,0.000117201
77,1024,2,0.00012193
78,1024,2,6.40608e-05
79,1024,2,8.66086e-05
80,1024,2,8.95186e-05
81,1024,2,9.08416e-05
82,1024,2,9.39266e-05
83,1024,2,8.78804e-05
84,1024,2,8.58264e-05
85,1024,2,9.66575e-05
86,1024,2,9.11669e-05
87,1024,2,9.30296e-05
88,1024,2,7.51716e-05
89,1024,2,6.40006e-05
90,1024,2,6.28037e-05
91,1024,2,9.13977e-05
92,1024,2,6.47919e-05
93,1024,2,6.72222e-05
94,1024,2,6.78634e-05
95,1024,2,9.59908e-05
96,1024,2,9.54205e-05
97,1024,2,8.8552e-05
98,1024,2,8.49353e-05
99,1024,2,8.81517e-05
0,2048,2,0.000468364
1,2048,2,0.000503604
2,2048,2,0.000171764
3,2048,2,0.000141071
4,2048,2,8.26009e-05
5,2048,2,6.97262e-05
6,2048,2,7.08636e-05
7,2048,2,0.000102253
8,2048,2,7.44152e-05
9,2048,2,7.09735e-05
10,2048,2,6.86598e-05
11,2048,2,7.06033e-05
12,2048,2,0.000100715
13,2048,2,9.8496e-05
14,2048,2,9.86757e-05
15,2048,2,9.6101e-05
16,2048,2,0.000104487
17,2048,2,9.90769e-05
18,2048,2,0.000123493
19,2048,2,0.000124941
20,2048,2,9.62965e-05
21,2048,2,6.9471e-05
22,2048,2,9.64971e-05
23,2048,2,9.30302e-05
24,2048,2,9.15978e-05
25,2048,2,9.28158e-05
26,2048,2,0.000115894
27,2048,2,0.000116885
28,2048,2,7.48762e-05
29,2048,2,6.95412e-05
30,2048,2,7.24221e-05
31,2048,2,9.71926e-05
32,2048,2,9.22333e-05
33,2048,2,9.12571e-05
34,2048,2,8.88129e-05
35,2048,2,9.69928e-05
36,2048,2,0.00012429
37,2048,2,7.06731e-05
38,2048,2,6.71215e-05
39,2048,2,6.42263e-05
40,2048,2,9.19134e-05
41,2048,2,8.95987e-05
42,2048,2,0.000117977
43,2048,2,9.40181e-05
44,2048,2,8.89475e-05
45,2048,2,8.98095e-05
46,2048,2,0.000119025
47,2048,2,9.49543e-05
48,2048,2,9.68077e-05
49,2048,2,6.76275e-05
50,2048,2,8.94088e-05
51,2048,2,8.55817e-05
52,2048,2,9.00754e-05
53,2048,2,9.3391e-05
54,2048,2,9.14975e-05
55,2048,2,9.01999e-05
56,2048,2,0.000105148
57,2048,2,6.70813e-05
58,2048,2,9.03507e-05
59,2048,2,9.11615e-05
60,2048,2,9.64972e-05
61,2048,2,0.000117562
62,2048,2,9.79897e-05
63,2048,2,9.49196e-05
64,2048,2,0.000100675
65,2048,2,9.7764e-05
66,2048,2,9.58759e-05
67,2048,2,9.56802e-05
68,2048,2,8.99546e-05
69,2048,2,9.01499e-05
70,2048,2,0.000128241
71,2048,2,6.9005e-05
72,2048,2,6.80638e-05
73,2048,2,6.67809e-05
74,2048,2,6.63853e-05
75,2048,2,9.83507e-05
76,2048,2,0.000101712
77,2048,2,7.27021e-05
78,2048,2,7.43846e-05
79,2048,2,6.86144e-05
80,2048,2,6.83191e-05
81,2048,2,6.66605e-05
82,2048,2,7.23971e-05
83,2048,2,8.71646e-05
84,2048,2,8.8752e-05
85,2048,2,8.60922e-05
86,2048,2,8.9659e-05
87,2048,2,8.98196e-05
88,2048,2,9.66274e-05
89,2048,2,8.77103e-05
90,2048,2,6.91301e-05
91,2048,2,7.14299e-05
92,2048,2,6.57793e-05
93,2048,2,0.000105039
94,2048,2,7.18504e-05
95,2048,2,6.99914e-05
96,2048,2,6.55887e-05
97,2048,2,9.16079e-05
98,2048,2,8.89372e-05
99,2048,2,8.44189e-05
0,4096,2,0.000515484
1,4096,2,0.000477721
2,4096,2,0.000124725
3,4096,2,0.000118849
4,4096,2,0.000131763
5,4096,2,0.000147453
6,4096,2,0.000107247
7,4096,2,9.8405e-05
8,4096,2,9.82751e-05
9,4096,2,0.000110003
10,4096,2,9.3116e-05
11,4096,2,0.00012964
12,4096,2,7.11795e-05
13,4096,2,9.99085e-05
14,4096,2,0.000145038
15,4096,2,0.000131668
16,4096,2,0.000105589
17,4096,2,0.00011932
18,4096,2,6.60594e-05
19,4096,2,6.47623e-05
20,4096,2,6.59938e-05
21,4096,2,9.78893e-05
22,4096,2,9.11216e-05
23,4096,2,0.000110172
24,4096,2,0.000117021
25,4096,2,6.9872e-05
26,4096,2,7.73404e-05
27,4096,2,6.87841e-05
28,4096,2,7.08391e-05
29,4096,2,0.000103154
30,4096,2,0.000114331
31,4096,2,0.000141693
32,4096,2,9.1943e-05
33,4096,2,0.000136458
34,4096,2,6.63401e-05
35,4096,2,8.71397e-05
36,4096,2,9.72135e-05
37,4096,2,8.8116e-05
38,4096,2,8.66177e-05
39,4096,2,6.58893e-05
40,4096,2,0.000102929
41,4096,2,8.99694e-05
42,4096,2,8.81012e-05
43,4096,2,0.000114726
44,4096,2,0.000116916
45,4096,2,0.000113644
46,4096,2,9.00545e-05
47,4096,2,0.000115432
48,4096,2,9.60057e-05
49,4096,2,0.000117772
50,4096,2,9.09021e-05
51,4096,2,6.48423e-05
52,4096,2,9.24991e-05
53,4096,2,9.86503e-05
54,4096,2,7.1114e-05
55,4096,2,9.05406e-05
56,4096,2,0.000113855
57,4096,2,0.00010359
58,4096,2,9.43784e-05
59,4096,2,0.000102619
60,4096,2,6.69917e-05
61,4096,2,6.66709e-05
62,4096,2,6.58787e-05
63,4096,2,9.40521e-05
64,4096,2,9.20383e-05
65,4096,2,0.000103725
66,4096,2,9.49184e-05
67,4096,2,0.000119856
68,4096,2,9.15023e-05
69,4096,2,8.99251e-05
70,4096,2,0.000119841
71,4096,2,8.81409e-05
72,4096,2,0.000127696
73,4096,2,0.000116861
74,4096,2,9.3266e-05
75,4096,2,0.000115623
76,4096,2,7.15897e-05
77,4096,2,6.7297e-05
78,4096,2,6.78076e-05
79,4096,2,8.71345e-05
80,4096,2,8.88523e-05
81,4096,2,8.73044e-05
82,4096,2,0.000121985
83,4096,2,0.000219854
84,4096,2,0.00011662
85,4096,2,0.000187979
86,4096,2,0.000130446
87,4096,2,0.000204901
88,4096,2,0.000107107
89,4096,2,0.000189953
90,4096,2,0.00016946
91,4096,2,0.000158113
92,4096,2,0.000133016
93,4096,2,0.000129548
94,4096,2,0.000154201
95,4096,2,0.000195269
96,4096,2,0.000187795
97,4096,2,0.000144873
98,4096,2,0.000173046
99,4096,2,0.000143115
0,8192,2,0.00058757
1,8192,2,0.000537604
2,8192,2,0.000138707
3,8192,2,0.000203454
4,8192,2,0.000133065
5,8192,2,0.000152838
6,8192,2,0.00012745
7,8192,2,0.000119591
8,8192,2,0.000118969
9,8192,2,9.21987e-05
10,8192,2,0.000103505
11,8192,2,8.99446e-05
12,8192,2,7.41602e-05
13,8192,2,0.00010344
14,8192,2,0.000114416
15,8192,2,0.000131158
16,8192,2,0.000117266
17,8192,2,0.000149697
18,8192,2,9.07155e-05
19,8192,2,0.000148259
20,8192,2,0.000157552
21,8192,2,0.000136467
22,8192,2,0.000112212
23,8192,2,0.000114075
24,8192,2,0.000114456
25,8192,2,0.000122325
26,8192,2,0.000120597
27,8192,2,0.000126123
28,8192,2,0.000108209
29,8192,2,0.000148565
30,8192,2,0.000124099
31,8192,2,0.000102534
32,8192,2,0.000128633
33,8192,2,9.64321e-05
34,8192,2,9.86757e-05
35,8192,2,0.000106727
36,8192,2,0.000104798
37,8192,2,0.000123402
38,8192,2,0.00011911
39,8192,2,0.000107603
40,8192,2,0.000142223
41,8192,2,0.000125231
42,8192,2,0.000142985
43,8192,2,9.79595e-05
44,8192,2,0.000105073
45,8192,2,7.38539e-05
46,8192,2,9.84313e-05
47,8192,2,9.63714e-05
48,8192,2,9.8906e-05
49,8192,2,0.000124549
50,8192,2,0.00010337
51,8192,2,0.000105209
52,8192,2,0.000126874
53,8192,2,0.00010331
54,8192,2,0.000102844
55,8192,2,9.821e-05
56,8192,2,0.000154766
57,8192,2,0.000122305
58,8192,2,0.000133702
59,8192,2,0.000147993
60,8192,2,0.00013777
61,8192,2,0.000138016
62,8192,2,0.000172715
63,8192,2,0.000170266
64,8192,2,0.000140455
65,8192,2,0.000172846
66,8192,2,0.000133777
67,8192,2,0.000115303
68,8192,2,0.000142554
69,8192,2,0.000140711
70,8192,2,0.000139092
71,8192,2,0.000136438
72,8192,2,0.000139699
73,8192,2,0.000165237
74,8192,2,0.000162862
75,8192,2,0.000115873
76,8192,2,0.000119194
77,8192,2,0.000138802
78,8192,2,0.0001354
79,8192,2,0.000133978
80,8192,2,9.74239e-05
81,8192,2,0.00013245
82,8192,2,0.000115833
83,8192,2,0.000114155
84,8192,2,0.000122846
85,8192,2,0.000164165
86,8192,2,0.00016722
87,8192,2,0.000136697
88,8192,2,9.67325e-05
89,8192,2,0.000128908
90,8192,2,0.000152988
91,8192,2,0.00013231
92,8192,2,0.000154766
93,8192,2,9.70685e-05
94,8192,2,9.90915e-05
95,8192,2,0.000129364
96,8192,2,0.000122471
97,8192,2,0.000149171
98,8192,2,0.000143049
99,8192,2,0.000122591
0,16384,2,0.000581548
1,16384,2,0.00045887
2,16384,2,0.000139362
3,16384,2,0.000112226
4,16384,2,0.000114
5,16384,2,0.000137715
6,16384,2,0.000125602
7,16384,2,0.000121755
8,16384,2,8.23254e-05
9,16384,2,0.000105053
10,16384,2,0.000151711
11,16384,2,0.000101246
12,16384,2,8.36076e-05
13,16384,2,8.01467e-05
14,16384,2,7.95547e-05
15,16384,2,0.000107964
16,16384,2,0.000133111
17,16384,2,0.000105263
18,16384,2,0.000102819
19,16384,2,0.000128367
20,16384,2,0.000133106
21,16384,2,0.000123728
22,16384,2,0.000138205
23,16384,2,0.000139393
24,16384,2,0.000140375
25,16384,2,0.000139557
26,16384,2,0.00013532
27,16384,2,0.000151145
28,16384,2,0.000174003
29,16384,2,0.000210181
30,16384,2,0.000144898
31,16384,2,0.000158244
32,16384,2,0.000115197
33,16384,2,0.000179384
34,16384,2,0.000153253
35,16384,2,0.000154276
36,16384,2,0.000182143
37,16384,2,0.000173151
38,16384,2,0.000196515
39,16384,2,0.000187559
40,16384,2,0.000197878
41,16384,2,0.000169339
42,16384,2,0.000182995
43,16384,2,0.000186526
44,16384,2,0.000162892
45,16384,2,0.000153058
46,16384,2,0.00017531
47,16384,2,0.000204405
48,16384,2,0.000177089
49,16384,2,0.000171588
50,16384,2,0.000134524
51,16384,2,0.000197672
52,16384,2,0.000149217
53,16384,2,9.52098e-05
54,16384,2,9.29653e-05
55,16384,2,8.05568e-05
56,16384,2,8.81467e-05
57,16384,2,0.000100324
58,16384,2,9.51899e-05
59,16384,2,9.55103e-05
60,16384,2,7.89591e-05
61,16384,2,7.86238e-05
62,16384,2,7.93393e-05
63,16384,2,0.000123263
64,16384,2,8.87878e-05
65,16384,2,8.08229e-05
66,16384,2,8.61629e-05
67,16384,2,8.5386e-05
68,16384,2,0.000113954
69,16384,2,8.55411e-05
70,16384,2,8.35874e-05
71,16384,2,8.15133e-05
72,16384,2,8.0767e-05
73,16384,2,8.13284e-05
74,16384,2,8.22149e-05
75,16384,2,0.000112842
76,16384,2,0.000114802
77,16384,2,0.000126699
78,16384,2,0.000107728
79,16384,2,0.000125381
80,16384,2,0.000127931
81,16384,2,0.000149136
82,16384,2,0.000118423
83,16384,2,0.000146336
84,16384,2,0.000138341
85,16384,2,0.000108234
86,16384,2,9.96279e-05
87,16384,2,0.000106641
88,16384,2,0.000104642
89,16384,2,0.000102443
90,16384,2,0.000132165
91,16384,2,0.000103099
92,16384,2,0.00017478
93,16384,2,0.000143575
94,16384,2,0.000150423
95,16384,2,0.00014314
96,16384,2,0.000152372
97,16384,2,0.000102734
98,16384,2,9.38619e-05
99,16384,2,0.000147123
0,32768,2,0.00057984
1,32768,2,0.00144704
2,32768,2,0.000143461
3,32768,2,0.000241239
4,32768,2,0.000129358
5,32768,2,0.000171789
6,32768,2,0.000142434
7,32768,2,0.000122521
8,32768,2,0.00011941
9,32768,2,0.000128447
10,32768,2,0.000122055
11,32768,2,0.000166529
12,32768,2,0.000118734
13,32768,2,0.000115894
14,32768,2,0.000116761
15,32768,2,0.000146256
16,32768,2,0.000123267
17,32768,2,0.000143852
18,32768,2,0.00011399
19,32768,2,0.000148495
20,32768,2,0.000118243
21,32768,2,0.000128657
22,32768,2,0.000123929
23,32768,2,0.000150905
24,32768,2,0.00012166
25,32768,2,0.000141867
26,32768,2,0.000121679
27,32768,2,9.92322e-05
28,32768,2,0.000127114
29,32768,2,0.00011925
30,32768,2,0.000131664
31,32768,2,0.000146957
32,32768,2,0.00014565
33,32768,2,0.000159561
34,32768,2,0.000130581
35,32768,2,0.00015399
36,32768,2,0.00013235
37,32768,2,0.000164525
38,32768,2,0.00016212
39,32768,2,0.000142824
40,32768,2,0.000138987
41,32768,2,0.000179578
42,32768,2,0.00011929
43,32768,2,0.000116996
44,32768,2,0.000115823
45,32768,2,0.000117116
46,32768,2,0.00011423
47,32768,2,0.000139348
48,32768,2,0.00013532
49,32768,2,0.000132019
50,32768,2,0.000162542
51,32768,2,0.000131949
52,32768,2,0.000144072
53,32768,2,0.000133257
54,32768,2,0.000131969
55,32768,2,0.000137074
56,32768,2,0.000156625
57,32768,2,0.000134083
58,32768,2,0.000161755
59,32768,2,0.000149928
60,32768,2,0.000136287
61,32768,2,0.000115969
62,32768,2,0.000150679
63,32768,2,0.000139618
64,32768,2,0.000161384
65,32768,2,0.000132775
66,32768,2,0.000180931
67,32768,2,0.000142168
68,32768,2,0.000135535
69,32768,2,0.00014309
70,32768,2,0.000142634
71,32768,2,0.000136658
72,32768,2,0.000134353
73,32768,2,0.000114345
74,32768,2,0.000109196
75,32768,2,0.000132736
76,32768,2,0.000130601
77,32768,2,0.000142257
78,32768,2,0.000132059
79,32768,2,0.000175626
80,32768,2,0.000134569
81,32768,2,0.000147317
82,32768,2,0.000132019
83,32768,2,0.000138236
84,32768,2,0.000138942
85,32768,2,0.000123387
86,32768,2,0.000117892
87,32768,2,0.000112302
88,32768,2,0.000109657
89,32768,2,0.000117532
90,32768,2,0.000114952
91,32768,2,0.00013781
92,32768,2,0.000112883
93,32768,2,0.000137199
94,32768,2,0.000135286
95,32768,2,0.00016168
96,32768,2,0.000129789
97,32768,2,0.000133346
98,32768,2,0.000133737
99,32768,2,0.000159866
0,65536,2,0.000904513
1,65536,2,0.00140774
2,65536,2,0.000255282
3,65536,2,0.000408856
4,65536,2,0.000252121
5,65536,2,0.000252616
6,65536,2,0.00025682
7,65536,2,0.000298027
8,65536,2,0.0002646
9,65536,2,0.000251985
10,65536,2,0.000277659
11,65536,2,0.000268912
12,65536,2,0.000259424
13,65536,2,0.00029101
14,65536,2,0.000273105
15,65536,2,0.000293574
16,65536,2,0.000265886
17,65536,2,0.000248859
18,65536,2,0.000249125
19,65536,2,0.00025723
20,65536,2,0.000252711
21,65536,2,0.000248174
22,65536,2,0.000286225
23,65536,2,0.000263327
24,65536,2,0.000283275
25,65536,2,0.000269383
26,65536,2,0.000251084
27,65536,2,0.0002545
28,65536,2,0.000248604
29,65536,2,0.000271036
30,65536,2,0.000250388
31,65536,2,0.000270716
32,65536,2,0.000247717
33,65536,2,0.000252431
34,65536,2,0.000268817
35,65536,2,0.000212961
36,65536,2,0.000256089
37,65536,2,0.00027311
38,65536,2,0.000249526
39,65536,2,0.000242277
40,65536,2,0.000266052
41,65536,2,0.000239372
42,65536,2,0.000246705
43,65536,2,0.000270576
44,65536,2,0.000287844
45,65536,2,0.000244917
46,65536,2,0.000248844
47,65536,2,0.000301374
48,65536,2,0.000281916
49,65536,2,0.000295868
50,65536,2,0.000265787
51,65536,2,0.000246705
52,65536,2,0.000242758
53,65536,2,0.000278159
54,65536,2,0.000327734
55,65536,2,0.00021442
56,65536,2,0.000256905
57,65536,2,0.000250402
58,65536,2,0.000219499
59,65536,2,0.000217345
60,65536,2,0.000210572
61,65536,2,0.000208554
62,65536,2,0.000247111
63,65536,2,0.000213512
64,65536,2,0.000236922
65,65536,2,0.00025966
66,65536,2,0.000243755
67,65536,2,0.000270991
68,65536,2,0.000293143
69,65536,2,0.000248604
70,65536,2,0.000239927
71,65536,2,0.000287772
72,65536,2,0.000243619
73,65536,2,0.000259349
74,65536,2,0.000280264
75,65536,2,0.000247677
76,65536,2,0.000565165
77,65536,2,0.000232564
78,65536,2,0.000227284
79,65536,2,0.0002944
80,65536,2,0.000240669
81,65536,2,0.000242022
82,65536,2,0.000264584
83,65536,2,0.00024682
84,65536,2,0.000243524
85,65536,2,0.000236516
86,65536,2,0.00025678
87,65536,2,0.00029178
88,65536,2,0.000235624
89,65536,2,0.000283219
90,65536,2,0.000239136
91,65536,2,0.000256188
92,65536,2,0.000266648
93,65536,2,0.000216258
94,65536,2,0.000241836
95,65536,2,0.000236957
96,65536,2,0.00020367
97,65536,2,0.000246309
98,65536,2,0.000271908
99,65536,2,0.000243009
0,131072,2,0.00147293
1,131072,2,0.00142531
2,131072,2,0.00100363
3,131072,2,0.000965002
4,131072,2,0.000899923
5,131072,2,0.000943937
6,131072,2,0.00104251
7,131072,2,0.000927009
8,131072,2,0.00095661
9,131072,2,0.00105575
10,131072,2,0.00100775
11,131072,2,0.000937129
12,131072,2,0.00101367
13,131072,2,0.000959551
14,131072,2,0.000936172
15,131072,2,0.00098568
16,131072,2,0.00102854
17,131072,2,0.000905754
18,131072,2,0.000902604
19,131072,2,0.000853496
20,131072,2,0.000863395
21,131072,2,0.000823013
22,131072,2,0.000922386
23,131072,2,0.00109297
24,131072,2,0.00131095
25,131072,2,0.00108051
26,131072,2,0.00103599
27,131072,2,0.000925071
28,131072,2,0.000937655
29,131072,2,0.000901958
30,131072,2,0.000911561
31,131072,2,0.000924725
32,131072,2,0.000886013
33,131072,2,0.000922435
34,131072,2,0.000880677
35,131072,2,0.00108224
36,131072,2,0.00102198
37,131072,2,0.00088964
38,131072,2,0.000910223
39,131072,2,0.000890251
40,131072,2,0.00107328
41,131072,2,0.00132979
42,131072,2,0.000954046
43,131072,2,0.000921179
44,131072,2,0.000911239
45,131072,2,0.000875678
46,131072,2,0.0010537
47,131072,2,0.00128216
48,131072,2,0.000928622
49,131072,2,0.000856752
50,131072,2,0.000870118
51,131072,2,0.000844629
52,131072,2,0.000872271
53,131072,2,0.000926734
54,131072,2,0.00109133
55,131072,2,0.00112132
56,131072,2,0.000843903
57,131072,2,0.000969475
58,131072,2,0.00099072
59,131072,2,0.000868058
60,131072,2,0.000859983
61,131072,2,0.000842821
62,131072,2,0.000877697
63,131072,2,0.000877787
64,131072,2,0.000853827
65,131072,2,0.00110597
66,131072,2,0.00102004
67,131072,2,0.00107844
68,131072,2,0.00106855
69,131072,2,0.000830147
70,131072,2,0.000872832
71,131072,2,0.00089282
72,131072,2,0.000956115
73,131072,2,0.000808171
74,131072,2,0.000895956
75,131072,2,0.000887084
76,131072,2,0.000887811
77,131072,2,0.000845591
78,131072,2,0.000905189
79,131072,2,0.00100139
80,131072,2,0.00118794
81,131072,2,0.00095396
82,131072,2,0.000873815
83,131072,2,0.00100503
84,131072,2,0.0010292
85,131072,2,0.000851287
86,131072,2,0.000899443
87,131072,2,0.000843518
88,131072,2,0.000884209
89,131072,2,0.000843628
90,131072,2,0.000895345
91,131072,2,0.000893376
92,131072,2,0.00101969
93,131072,2,0.000964996
94,131072,2,0.000898175
95,131072,2,0.000866135
96,131072,2,0.000883217
97,131072,2,0.000877691
98,131072,2,0.000862492
99,131072,2,0.000800496
0,262144,2,0.00217737
1,262144,2,0.00326802
2,262144,2,0.00173636
3,262144,2,0.0016388
4,262144,2,0.00179628
5,262144,2,0.00169011
6,262144,2,0.00166036
7,262144,2,0.00163817
8,262144,2,0.00162849
9,262144,2,0.0016279
10,262144,2,0.0016455
11,262144,2,0.00173564
12,262144,2,0.00180082
13,262144,2,0.00161119
14,262144,2,0.00165016
15,262144,2,0.00162647
16,262144,2,0.00164077
17,262144,2,0.00164731
18,262144,2,0.00164178
19,262144,2,0.00160352
20,262144,2,0.0020998
21,262144,2,0.00154535
22,262144,2,0.00149857
23,262144,2,0.00148926
24,262144,2,0.00159873
25,262144,2,0.00156061
26,262144,2,0.00152998
27,262144,2,0.00149873
28,262144,2,0.00164227
29,262144,2,0.0016274
30,262144,2,0.00154648
31,262144,2,0.00153404
32,262144,2,0.00149228
33,262144,2,0.00154776
34,262144,2,0.00157219
35,262144,2,0.00155146
36,262144,2,0.00160885
37,262144,2,0.00159044
38,262144,2,0.00158807
39,262144,2,0.00158111
40,262144,2,0.00154899
41,262144,2,0.00173853
42,262144,2,0.00155027
43,262144,2,0.00152591
44,262144,2,0.00158019
45,262144,2,0.00153032
46,262144,2,0.00149347
47,262144,2,0.00155399
48,262144,2,0.00157239
49,262144,2,0.00155601
50,262144,2,0.00155784
51,262144,2,0.0015451
52,262144,2,0.00173674
53,262144,2,0.00155223
54,262144,2,0.00156664
55,262144,2,0.0015699
56,262144,2,0.00157469
57,262144,2,0.00155518
58,262144,2,0.00155063
59,262144,2,0.00148701
60,262144,2,0.0015354
61,262144,2,0.00156792
62,262144,2,0.00156911
63,262144,2,0.00152601
64,262144,2,0.00155321
65,262144,2,0.00153336
66,262144,2,0.00156941
67,262144,2,0.00156843
68,262144,2,0.00154518
69,262144,2,0.00153667
70,262144,2,0.00155371
71,262144,2,0.00155756
72,262144,2,0.00150125
73,262144,2,0.00154406
74,262144,2,0.00154364
75,262144,2,0.00153076
76,262144,2,0.00153282
77,262144,2,0.00155046
78,262144,2,0.00154818
79,262144,2,0.00156876
80,262144,2,0.00157759
81,262144,2,0.00153371
82,262144,2,0.00154743
83,262144,2,0.00157623
84,262144,2,0.00153237
85,262144,2,0.00149413
86,262144,2,0.00152623
87,262144,2,0.00152805
88,262144,2,0.00154257
89,262144,2,0.00156135
90,262144,2,0.00156262
91,262144,2,0.00152689
92,262144,2,0.00154601
93,262144,2,0.00154894
94,262144,2,0.00153904
95,262144,2,0.00146985
96,262144,2,0.00152236
97,262144,2,0.00171807
98,262144,2,0.00160839
99,262144,2,0.00154536
0,524288,2,0.00368328
1,524288,2,0.00431051
2,524288,2,0.00329474
3,524288,2,0.00321898
4,524288,2,0.00333505
5,524288,2,0.00316345
6,524288,2,0.003133
7,524288,2,0.00310773
8,524288,2,0.00312847
9,524288,2,0.0030597
10,524288,2,0.00291131
11,524288,2,0.0028856
12,524288,2,0.00288881
13,524288,2,0.00278519
14,524288,2,0.00277965
15,524288,2,0.00276954
16,524288,2,0.00280461
17,524288,2,0.00274298
18,524288,2,0.00284167
19,524288,2,0.0027868
20,524288,2,0.00277633
21,524288,2,0.00281507
22,524288,2,0.00278142
23,524288,2,0.00278698
24,524288,2,0.00275113
25,524288,2,0.00275905
26,524288,2,0.00281013
27,524288,2,0.00276013
28,524288,2,0.00366915
29,524288,2,0.00281425
30,524288,2,0.00278422
31,524288,2,0.00276224
32,524288,2,0.00273015
33,524288,2,0.00275359
34,524288,2,0.0027441
35,524288,2,0.00273727
36,524288,2,0.00273312
37,524288,2,0.00275234
38,524288,2,0.00266527
39,524288,2,0.00271965
40,524288,2,0.00272231
41,524288,2,0.00275806
42,524288,2,0.00272671
43,524288,2,0.00275678
44,524288,2,0.00276158
45,524288,2,0.00278859
46,524288,2,0.00279852
47,524288,2,0.0028279
48,524288,2,0.00280391
49,524288,2,0.0027855
50,524288,2,0.00277073
51,524288,2,0.00275797
52,524288,2,0.00275884
53,524288,2,0.00278475
54,524288,2,0.00276014
55,524288,2,0.00276318
56,524288,2,0.00276429
57,524288,2,0.00276505
58,524288,2,0.00274005
59,524288,2,0.0027646
60,524288,2,0.00273483
61,524288,2,0.00274983
62,524288,2,0.00276733
63,524288,2,0.00275152
64,524288,2,0.00275181
65,524288,2,0.00277891
66,524288,2,0.00276314
67,524288,2,0.00277275
68,524288,2,0.00273379
69,524288,2,0.00275174
70,524288,2,0.00275677
71,524288,2,0.00276827
72,524288,2,0.00275006
73,524288,2,0.00279603
74,524288,2,0.00272115
75,524288,2,0.00281727
76,524288,2,0.00275105
77,524288,2,0.00279135
78,524288,2,0.00276085
79,524288,2,0.0026872
80,524288,2,0.00275934
81,524288,2,0.00274991
82,524288,2,0.00275821
83,524288,2,0.00275674
84,524288,2,0.00276063
85,524288,2,0.00275194
86,524288,2,0.00275429
87,524288,2,0.00275168
88,524288,2,0.00273089
89,524288,2,0.00278613
90,524288,2,0.00277426
91,524288,2,0.00280608
92,524288,2,0.00280037
93,524288,2,0.0027524
94,524288,2,0.00277893
95,524288,2,0.00372272
96,524288,2,0.00282926
97,524288,2,0.00288046
98,524288,2,0.00274124
99,524288,2,0.00274573
0,1048576,2,0.0062689
1,1048576,2,0.00773895
2,1048576,2,0.00520743
3,1048576,2,0.00546188
4,1048576,2,0.0051918
5,1048576,2,0.00527242
6,1048576,2,0.0052597
7,1048576,2,0.00524809
8,1048576,2,0.00513358
9,1048576,2,0.00708174
10,1048576,2,0.00521642
11,1048576,2,0.0054344
12,1048576,2,0.00497644
13,1048576,2,0.00514363
14,1048576,2,0.00510098
15,1048576,2,0.0051808
16,1048576,2,0.00516727
17,1048576,2,0.00511009
18,1048576,2,0.00504749
19,1048576,2,0.00506732
20,1048576,2,0.00497884
21,1048576,2,0.0050199
22,1048576,2,0.00498745
23,1048576,2,0.0050032
24,1048576,2,0.00498339
25,1048576,2,0.00504716
26,1048576,2,0.00507785
27,1048576,2,0.0050689
28,1048576,2,0.00500113
29,1048576,2,0.0052143
30,1048576,2,0.00526134
31,1048576,2,0.00570917
32,1048576,2,0.00530136
33,1048576,2,0.00531603
34,1048576,2,0.00527646
35,1048576,2,0.00529033
36,1048576,2,0.00533536
37,1048576,2,0.0053232
38,1048576,2,0.0053545
39,1048576,2,0.00525239
40,1048576,2,0.00532403
41,1048576,2,0.00532976
42,1048576,2,0.00530548
43,1048576,2,0.00532278
44,1048576,2,0.00533429
45,1048576,2,0.00531105
46,1048576,2,0.0053355
47,1048576,2,0.00535414
48,1048576,2,0.00532054
49,1048576,2,0.00533602
50,1048576,2,0.00532161
51,1048576,2,0.00536447
52,1048576,2,0.00533341
53,1048576,2,0.00532012
54,1048576,2,0.00533364
55,1048576,2,0.00534347
56,1048576,2,0.00533365
57,1048576,2,0.00535642
58,1048576,2,0.00536244
59,1048576,2,0.00526872
60,1048576,2,0.0053291
61,1048576,2,0.00535464
62,1048576,2,0.00533998
63,1048576,2,0.00536388
64,1048576,2,0.00533159
65,1048576,2,0.00531156
66,1048576,2,0.00536536
67,1048576,2,0.00525622
68,1048576,2,0.00530541
69,1048576,2,0.00532037
70,1048576,2,0.00533148
71,1048576,2,0.00533432
72,1048576,2,0.00535541
73,1048576,2,0.00532902
74,1048576,2,0.00534062
75,1048576,2,0.00541545
76,1048576,2,0.00533312
77,1048576,2,0.0053319
78,1048576,2,0.00525356
79,1048576,2,0.00533512
80,1048576,2,0.00531969
81,1048576,2,0.00532994
82,1048576,2,0.00532785
83,1048576,2,0.00532637
84,1048576,2,0.00535585
85,1048576,2,0.00530708
86,1048576,2,0.0053112
87,1048576,2,0.00534189
88,1048576,2,0.00531912
89,1048576,2,0.0053364
90,1048576,2,0.00531942
91,1048576,2,0.00530724
92,1048576,2,0.00531357
93,1048576,2,0.00533141
94,1048576,2,0.00532972
95,1048576,2,0.00531314
96,1048576,2,0.00535688
97,1048576,2,0.00533085
98,1048576,2,0.00536572
99,1048576,2,0.00533092
0,2097152,2,0.0108604
1,2097152,2,0.0148855
2,2097152,2,0.0098184
3,2097152,2,0.00990275
4,2097152,2,0.00969488
5,2097152,2,0.0097313
6,2097152,2,0.00955355
7,2097152,2,0.00947454
8,2097152,2,0.00941167
9,2097152,2,0.0137247
10,2097152,2,0.00940452
11,2097152,2,0.00943
12,2097152,2,0.00942856
13,2097152,2,0.00939807
14,2097152,2,0.0094461
15,2097152,2,0.00941662
16,2097152,2,0.00940757
17,2097152,2,0.00939208
18,2097152,2,0.00945425
19,2097152,2,0.00944444
20,2097152,2,0.00949488
21,2097152,2,0.00944084
22,2097152,2,0.00945858
23,2097152,2,0.00944474
24,2097152,2,0.00948989
25,2097152,2,0.00943272
26,2097152,2,0.00939676
27,2097152,2,0.00939207
28,2097152,2,0.00938319
29,2097152,2,0.00942344
30,2097152,2,0.00944678
31,2097152,2,0.0094098
32,2097152,2,0.00950606
33,2097152,2,0.00940085
34,2097152,2,0.00941875
35,2097152,2,0.00936923
36,2097152,2,0.0094942
37,2097152,2,0.00944972
38,2097152,2,0.0093814
39,2097152,2,0.00942631
40,2097152,2,0.00948805
41,2097152,2,0.00949536
42,2097152,2,0.00942922
43,2097152,2,0.00939552
44,2097152,2,0.00948027
45,2097152,2,0.00943342
46,2097152,2,0.00950057
47,2097152,2,0.00949074
48,2097152,2,0.00941829
49,2097152,2,0.00950052
50,2097152,2,0.00940085
51,2097152,2,0.00939337
52,2097152,2,0.00941735
53,2097152,2,0.00954566
54,2097152,2,0.00949706
55,2097152,2,0.00939544
56,2097152,2,0.00945764
57,2097152,2,0.00948264
58,2097152,2,0.00954125
59,2097152,2,0.0095059
60,2097152,2,0.00945211
61,2097152,2,0.00960824
62,2097152,2,0.00950949
63,2097152,2,0.00947419
64,2097152,2,0.00944286
65,2097152,2,0.00945108
66,2097152,2,0.00952468
67,2097152,2,0.00949208
68,2097152,2,0.00948749
69,2097152,2,0.00960335
70,2097152,2,0.00958446
71,2097152,2,0.00959707
72,2097152,2,0.00961686
73,2097152,2,0.00946754
74,2097152,2,0.00956089
75,2097152,2,0.00960031
76,2097152,2,0.00949103
77,2097152,2,0.00948092
78,2097152,2,0.00944325
79,2097152,2,0.00964281
80,2097152,2,0.00942099
81,2097152,2,0.00961931
82,2097152,2,0.00962665
83,2097152,2,0.009443
84,2097152,2,0.00950944
85,2097152,2,0.00947759
86,2097152,2,0.00950979
87,2097152,2,0.0095335
88,2097152,2,0.00949287
89,2097152,2,0.00941406
90,2097152,2,0.00945242
91,2097152,2,0.00947004
92,2097152,2,0.00953256
93,2097152,2,0.00954946
94,2097152,2,0.00952128
95,2097152,2,0.00961154
96,2097152,2,0.00963039
97,2097152,2,0.00953485
98,2097152,2,0.00948211
99,2097152,2,0.0094264
0,4194304,2,0.0255485
1,4194304,2,0.0221247
2,4194304,2,0.020699
3,4194304,2,0.0202221
4,4194304,2,0.0186013
5,4194304,2,0.0184924
6,4194304,2,0.0185364
7,4194304,2,0.0185547
8,4194304,2,0.0186124
9,4194304,2,0.0186167
10,4194304,2,0.0185086
11,4194304,2,0.0185793
12,4194304,2,0.0184834
13,4194304,2,0.0185711
14,4194304,2,0.0185152
15,4194304,2,0.0185892
16,4194304,2,0.018452
17,4194304,2,0.0186299
18,4194304,2,0.0185491
19,4194304,2,0.0185527
20,4194304,2,0.0186091
21,4194304,2,0.0186522
22,4194304,2,0.018557
23,4194304,2,0.0185419
24,4194304,2,0.0185704
25,4194304,2,0.0185599
26,4194304,2,0.0186462
27,4194304,2,0.0186154
28,4194304,2,0.0184386
29,4194304,2,0.0185188
30,4194304,2,0.0185234
31,4194304,2,0.0185222
32,4194304,2,0.0185528
33,4194304,2,0.0186418
34,4194304,2,0.0184917
35,4194304,2,0.0183972
36,4194304,2,0.0184797
37,4194304,2,0.0186387
38,4194304,2,0.0184964
39,4194304,2,0.0186067
40,4194304,2,0.0184983
41,4194304,2,0.0185391
42,4194304,2,0.018603
43,4194304,2,0.0187867
44,4194304,2,0.0187014
45,4194304,2,0.0186339
46,4194304,2,0.0186797
47,4194304,2,0.0185267
48,4194304,2,0.0185165
49,4194304,2,0.0185059
50,4194304,2,0.0185098
51,4194304,2,0.0186802
52,4194304,2,0.0187077
53,4194304,2,0.0184874
54,4194304,2,0.0187924
55,4194304,2,0.018621
56,4194304,2,0.0187645
57,4194304,2,0.0185833
58,4194304,2,0.0184268
59,4194304,2,0.0185011
60,4194304,2,0.0186606
61,4194304,2,0.0186695
62,4194304,2,0.0186677
63,4194304,2,0.0187501
64,4194304,2,0.0186074
65,4194304,2,0.0186413
66,4194304,2,0.0185917
67,4194304,2,0.0186697
68,4194304,2,0.0185129
69,4194304,2,0.0185049
70,4194304,2,0.0185265
71,4194304,2,0.0184977
72,4194304,2,0.0187792
73,4194304,2,0.0186096
74,4194304,2,0.0187385
75,4194304,2,0.0185482
76,4194304,2,0.0186523
77,4194304,2,0.018532
78,4194304,2,0.0185391
79,4194304,2,0.0185098
80,4194304,2,0.0185678
81,4194304,2,0.0438716
82,4194304,2,0.0184901
83,4194304,2,0.0185485
84,4194304,2,0.0187269
85,4194304,2,0.0184966
86,4194304,2,0.0185332
87,4194304,2,0.0188653
88,4194304,2,0.0185535
89,4194304,2,0.018575
90,4194304,2,0.0184756
91,4194304,2,0.0184963
92,4194304,2,0.0185781
93,4194304,2,0.0185419
94,4194304,2,0.0185234
95,4194304,2,0.0184575
96,4194304,2,0.0184696
97,4194304,2,0.0186202
98,4194304,2,0.0185126
99,4194304,2,0.0187333
0,8388608,2,0.0485804
1,8388608,2,0.0404296
2,8388608,2,0.0367469
3,8388608,2,0.0366767
4,8388608,2,0.0366218
5,8388608,2,0.0368219
6,8388608,2,0.0367325
7,8388608,2,0.0366352
8,8388608,2,0.0367044
9,8388608,2,0.0368432
10,8388608,2,0.0368116
11,8388608,2,0.0366805
12,8388608,2,0.036643
13,8388608,2,0.0366325
14,8388608,2,0.0368193
15,8388608,2,0.0366581
16,8388608,2,0.0367539
17,8388608,2,0.0366181
18,8388608,2,0.0367579
19,8388608,2,0.0367701
20,8388608,2,0.036679
21,8388608,2,0.0367468
22,8388608,2,0.0367681
23,8388608,2,0.0367623
24,8388608,2,0.0365778
25,8388608,2,0.0366458
26,8388608,2,0.0370394
27,8388608,2,0.0367509
28,8388608,2,0.0366351
29,8388608,2,0.0367833
30,8388608,2,0.0368314
31,8388608,2,0.0368601
32,8388608,2,0.0368437
33,8388608,2,0.0367144
34,8388608,2,0.0367695
35,8388608,2,0.0368623
36,8388608,2,0.0368037
37,8388608,2,0.036621
38,8388608,2,0.0367084
39,8388608,2,0.036667
40,8388608,2,0.0367403
41,8388608,2,0.0366125
42,8388608,2,0.0367799
43,8388608,2,0.0368326
44,8388608,2,0.036717
45,8388608,2,0.0367979
46,8388608,2,0.036718
47,8388608,2,0.0367036
48,8388608,2,0.0370781
49,8388608,2,0.036611
50,8388608,2,0.0367525
51,8388608,2,0.0367254
52,8388608,2,0.0366426
53,8388608,2,0.0368048
54,8388608,2,0.0367699
55,8388608,2,0.0366136
56,8388608,2,0.0365547
57,8388608,2,0.03659
58,8388608,2,0.0366853
59,8388608,2,0.0366473
60,8388608,2,0.0365962
61,8388608,2,0.0366941
62,8388608,2,0.0366534
63,8388608,2,0.0367237
64,8388608,2,0.0366646
65,8388608,2,0.0366802
66,8388608,2,0.0370262
67,8388608,2,0.0368155
68,8388608,2,0.036757
69,8388608,2,0.0367301
70,8388608,2,0.0367091
71,8388608,2,0.0367127
72,8388608,2,0.0366728
73,8388608,2,0.0366597
74,8388608,2,0.0368077
75,8388608,2,0.0367775
76,8388608,2,0.0367801
77,8388608,2,0.0366621
78,8388608,2,0.0366517
79,8388608,2,0.0367478
80,8388608,2,0.036839
81,8388608,2,0.0366092
82,8388608,2,0.0366339
83,8388608,2,0.0370344
84,8388608,2,0.0370374
85,8388608,2,0.0367177
86,8388608,2,0.0366797
87,8388608,2,0.0368183
88,8388608,2,0.0370077
89,8388608,2,0.0371184
90,8388608,2,0.0366581
91,8388608,2,0.0367279
92,8388608,2,0.0366402
93,8388608,2,0.0367007
94,8388608,2,0.036667
95,8388608,2,0.0370497
96,8388608,2,0.0366049
97,8388608,2,0.0368324
98,8388608,2,0.0366684
99,8388608,2,0.0366429
0,16777216,2,0.111679
1,16777216,2,0.0729685
2,16777216,2,0.0724202
3,16777216,2,0.0726046
4,16777216,2,0.0726833
5,16777216,2,0.0724478
6,16777216,2,0.0726843
7,16777216,2,0.0726113
8,16777216,2,0.072455
9,16777216,2,0.0727446
10,16777216,2,0.0727456
11,16777216,2,0.072516
12,16777216,2,0.0725434
13,16777216,2,0.0724127
14,16777216,2,0.0726801
15,16777216,2,0.0727882
16,16777216,2,0.0726684
17,16777216,2,0.0727333
18,16777216,2,0.073063
19,16777216,2,0.0728604
20,16777216,2,0.0726898
21,16777216,2,0.0729716
22,16777216,2,0.0726745
23,16777216,2,0.128356
24,16777216,2,0.0724172
25,16777216,2,0.127778
26,16777216,2,0.0723202
27,16777216,2,0.0730821
28,16777216,2,0.0728377
29,16777216,2,0.0726855
30,16777216,2,0.0728507
31,16777216,2,0.072869
32,16777216,2,0.0727841
33,16777216,2,0.0731596
34,16777216,2,0.0730355
35,16777216,2,0.0728344
36,16777216,2,0.072895
37,16777216,2,0.0729664
38,16777216,2,0.0731215
39,16777216,2,0.0725903
40,16777216,2,0.128126
41,16777216,2,0.0729045
42,16777216,2,0.0731425
43,16777216,2,0.0732367
44,16777216,2,0.0746485
45,16777216,2,0.0726088
46,16777216,2,0.128321
47,16777216,2,0.0730681
48,16777216,2,0.0733767
49,16777216,2,0.0731712
50,16777216,2,0.073248
51,16777216,2,0.0732414
52,16777216,2,0.0730892
53,16777216,2,0.0730079
54,16777216,2,0.0730412
55,16777216,2,0.0739072
56,16777216,2,0.0730465
57,16777216,2,0.0730241
58,16777216,2,0.0730476
59,16777216,2,0.0738112
60,16777216,2,0.0732529
61,16777216,2,0.0731451
62,16777216,2,0.0731935
63,16777216,2,0.0731786
64,16777216,2,0.073151
65,16777216,2,0.0733311
66,16777216,2,0.073088
67,16777216,2,0.0729125
68,16777216,2,0.0729538
69,16777216,2,0.073062
70,16777216,2,0.0731991
71,16777216,2,0.0729484
72,16777216,2,0.0732262
73,16777216,2,0.0730958
74,16777216,2,0.073097
75,16777216,2,0.0732935
76,16777216,2,0.0730505
77,16777216,2,0.0731393
78,16777216,2,0.0730112
79,16777216,2,0.0732989
80,16777216,2,0.0731096
81,16777216,2,0.0733008
82,16777216,2,0.0730037
83,16777216,2,0.073117
84,16777216,2,0.0730643
85,16777216,2,0.0730653
86,16777216,2,0.0796674
87,16777216,2,0.0731603
88,16777216,2,0.0740955
89,16777216,2,0.0731436
90,16777216,2,0.0731635
91,16777216,2,0.0729765
92,16777216,2,0.0730598
93,16777216,2,0.0733024
94,16777216,2,0.0729385
95,16777216,2,0.0731399
96,16777216,2,0.0732103
97,16777216,2,0.0732192
98,16777216,2,0.0733234
99,16777216,2,0.0724745
